Country_ISO_Code,Country_PUMS_Code,Region,Country,cvg_data_quality,cessation_data_quality,cessdate_orig,cessdate_low,cessdate_high,cessdate_distrib,cvg_514_orig,cvg_514_low,cvg_514_high,cvg_over14_orig,cvg_over14_low,cvg_over14_high,cvg_tot_orig,cvg_tot_low,cvg_tot_high,cvg_survey_yr,cvg_distrib,Cessation Date Method/Notes,Cessation Date Interval Methods/Notes,Vax Coverage Methods/Notes,Coverage Interval Methods/Notes,Cessation Date Source,Coverage Source,Additional Sources,UN_region
,462,AF,Africa,C,,1980,1978,1982,N,,,,,,,0.85,0.67,0.97,1973,L,Default WHO cessation date (1980),Default interval (+/- 2 years),"Average of all known African country coverages (overall coverages for Benin, Burundi, Chad, DRC, Djibouti, Ghana, Guinea, Guinea-Bissau, Kenya, Liberia, Mali, Niger, Nigeria, Sierra Leone, Somalia, South Africa, Tanzania, Togo, Uganda, Zimbabwe; 5-14 year coverage for Botswana, Lesotho, Mozambique, Namibia, Rwanda, Sudan, Swaziland).",Lowest known African country coverage to highest known African country coverage.,RB p. 1265,Neighboring country coverage sources,,
DZA,400,AF,Algeria,C,C,1980,1978,1982,N,0.86,0.74,0.93,0.83,0.67,0.94,,,,1971,L,Default WHO cessation date (1980),Default interval (+/- 2 years),"Average of neighboring country coverages and survey years (Mali, Sudan, Chad, Niger).",Lowest neighboring country coverage to highest neighboring country coverage,RB p. 1265,Neighboring country coverage sources,,North Africa
AGO,,AF,Angola,C,C,1980,1978,1982,N,0.93,0.89,0.96,,,,,,,1979,N,Default WHO cessation date (1980),Default interval (+/- 2 years),"Average of neighboring country coverages and survey years (Namibia, Botswana, DRC).",Lowest neighboring country coverage to highest neighboring country coverage,RB p. 1265,Neighboring country coverage sources,,Central Africa
BEN,,AF,Benin,A,C,1980,1978,1982,N,,,,,,,0.80,0.75,0.85,1969,N,Default WHO cessation date (1980),Default interval (+/- 2 years),"Scar survey, 1969. Includes jet injector scar and previous vaccination scars after jet injector mass campaign.",Default interval (+/- 5%),RB p. 1265,RB p. 874,,West Africa
BWA,,AF,Botswana,A,C,1980,1978,1982,N,0.96,0.91,1.00,,,,,,,1979,N,Default WHO cessation date (1980),Default interval (+/- 2 years),"National-level coverage rate from 1979 scar survey, age group is all ""under 15"".","Default interval (+/- 5%), cap at 1.0",RB p. 1204,RB p. 1204,,Southern Africa
BFA,,AF,Burkina Faso,C,C,1980,1978,1982,N,,,,,,,0.86,0.74,0.95,1969,N,Default WHO cessation date (1980),Default interval (+/- 2 years),"Average of neighboring country coverages and survey years (Ghana, Benin, Mali, Niger).",Lowest neighboring country coverage to highest neighboring country coverage,RB p. 1265,Neighboring country coverage sources,,West Africa
BDI,,AF,Burundi,A,C,1980,1978,1982,N,0.70,0.65,0.75,0.70,0.65,0.75,0.68,0.63,0.73,1973,N,Default WHO cessation date (1980),Default interval (+/- 2 years),"Scar survey, 1973",Default interval (+/- 5%),RB p. 1265,RB p. 962,,East Africa
CPV,408,AF,Cabo Verde,C,B,1978,1978,1979,R,,,,,,,0.80,0.75,0.85,,U,Routine vaccination stopped before February 1979,"Vaccine cessation date low estimate: known that vaccination stopped prior to February 1979, per WHO report (last full birth cohort with routine vaccination in 1978). High estimate: last known WHO vaccine shipment in 1979 (uncertain whether this was ""routine vaccination"").",Default WHO target coverage (80%),Default interval (+/- 5%),https://apps.who.int/iris/bitstream/handle/10665/222325/WER5405_36-37.PDF?sequence=1&isAllowed=y,RB p. 424,"WHO Final Report, Annex 17",West Africa
CMR,407,AF,Cameroon,C,C,1980,1978,1982,N,0.83,0.74,0.90,0.73,0.67,0.83,,,,1969,L,Default WHO cessation date (1980),Default interval (+/- 2 years),"Average of neighboring country coverages and survey years (Nigeria, Chad, Niger).",Lowest neighboring country coverage to highest neighboring country coverage,RB p. 1265,Neighboring country coverage sources,,Central Africa
CAF,,AF,Central African Republic,C,A,1979,1979,1980,R,0.84,0.74,0.89,0.89,0.83,0.97,,,,1975,L,Known cessation date (literature),Vaccine cessation date low estimate: known cessation date. High estimate: +1 year (for lag time in stopping vaccination),"Average of neighboring country coverages and survey years (Sudan, Chad, DRC).",Lowest neighboring country coverage to highest neighboring country coverage,https://www.ncbi.nlm.nih.gov/pmc/articles/PMC6649310/,Neighboring country coverage sources,,Central Africa
TCD,,AF,Chad,A,A,1984,1984,1985,R,0.74,0.69,0.79,0.83,0.78,0.88,0.78,0.73,0.83,1969,N,Known cessation date (literature),Vaccine cessation date low estimate: known cessation date. High estimate: +1 year (for lag time in stopping vaccination),"Higher age group is 15-44 years, assuming >45 years no longer relevant to population immunity today. Scar survey, 1969.",Default interval (+/- 5%),http://www.scielo.org.mx/scielo.php?script=sci_arttext&pid=S0016-38132004000300013&lng=es,RB p. 874,,Central Africa
COG,412,AF,Congo,C,C,1980,1978,1982,N,0.84,0.74,0.89,0.89,0.83,0.97,,,,1975,L,Default WHO cessation date (1980),Default interval (+/- 2 years),"Average of neighboring country coverages and survey years (Sudan, Chad, DRC).",Lowest neighboring country coverage to highest neighboring country coverage,RB p. 1265,Neighboring country coverage sources,,Central Africa
COD,459,AF,Democratic Republic of Congo,A,A,1980,1980,1981,R,0.89,0.84,0.94,0.97,0.92,1.00,0.85,0.80,0.90,1981,N,Known cessation date (literature),Vaccine cessation date low estimate: known cessation date. High estimate: +1 year (for lag time in stopping vaccination),"Scar survey, 1981. Provides percentage of population without scars so coverage is complement.","Default interval (+/- 5%), cap at 1.0",https://www.pnas.org/doi/epdf/10.1073/pnas.1005769107,https://pubmed.ncbi.nlm.nih.gov/3029395/,,Central Africa
DJI,,AF,Djibouti,A,A,1981,1981,1982,R,0.90,0.85,0.95,0.90,0.85,0.95,0.90,0.85,0.95,1977,N,Known cessation date (literature),Vaccine cessation date low estimate: known cessation date. High estimate: +1 year (for lag time in stopping vaccination),"National-level scar survey,1977. Does not provide specific survey data, but reports 90% coverage or higher in each age group.",Default interval (+/- 5%),https://stacks.cdc.gov/view/cdc/1458,RB p. 1244,,East Africa
,469,AF,"Eastern Africa, Not Specified",C,,1980,1978,1982,N,,,,,,,0.86,0.68,0.97,1974,L,Default WHO cessation date (1980),Default interval (+/- 2 years),"Average of all Eastern African countries with known coverage (overall coverage for Burundi, DRC, Djibouti, Kenya, Somalia, Tanzania, Uganda; 5-14 age group coverage for Rwanda, Sudan).",Lowest Eastern African known country coverage to highest known regional country coverage,RB p. 1265,Neighboring country coverage sources,,
EGY,414,AF,Egypt,C,A,1983,1983,1984,R,0.86,0.74,0.93,0.83,0.67,0.94,,,,1971,L,Primary vaccination stopped in 1983 (revaccination stopped in 1982),Vaccine cessation date low estimate: known cessation date. High estimate: +1 year (for lag time in stopping vaccination),"Average of neighboring country coverages and survey years (Mali, Sudan, Chad, Niger).",Lowest neighboring country coverage to highest neighboring country coverage,https://www.cdc.gov/mmwr/preview/mmwrhtml/00000188.htm,Neighboring country coverage sources,,North Africa
ERI,417,AF,Eritrea,C,A,1977,1977,1978,R,0.88,0.85,0.90,0.89,0.83,0.97,,,,1973,L,Known cessation date (literature),Vaccine cessation date low estimate: known cessation date. High estimate: +1 year (for lag time in stopping vaccination),"Average of neighboring country coverages and survey years (Sudan, Kenya, Uganda).",Lowest neighboring country coverage to highest neighboring country coverage,https://www.sciencedirect.com/science/article/pii/S0264410X11015957?via%3Dihub,Neighboring country coverage sources,,East Africa
ETH,416,AF,Ethiopia,C,A,1977,1977,1978,R,0.88,0.85,0.90,0.89,0.83,0.97,,,,1973,L,Known cessation date (literature),Vaccine cessation date low estimate: known cessation date. High estimate: +1 year (for lag time in stopping vaccination),"Average of neighboring country coverages and survey years (Sudan, Kenya, Uganda).",Lowest neighboring country coverage to highest neighboring country coverage,https://www.sciencedirect.com/science/article/pii/S0264410X11015957?via%3Dihub,Neighboring country coverage sources,,East Africa
GAB,,AF,Gabon,C,C,1980,1978,1982,N,0.83,0.74,0.90,0.73,0.67,0.83,,,,1969,L,Default WHO cessation date (1980),Default interval (+/- 2 years),"Average of neighboring country coverages and survey years (Nigeria, Chad, Niger).",Lowest neighboring country coverage to highest neighboring country coverage,RB p. 1265,Neighboring country coverage sources,,Central Africa
GMB,420,AF,Gambia,C,B,1978,1978,1979,R,,,,,,,0.83,0.67,0.95,1970,L,Routine vaccination stopped before February 1979,"Vaccine cessation date low estimate: known that vaccination stopped prior to February 1979, per WHO report (last full birth cohort with routine vaccination in 1978). High estimate: last known WHO vaccine shipment in 1978 (allows for lag time in vaccine distribution, per WHO final report)","Average of neighboring country coverages and survey years (Guinea, Guinea-Bissau, Mali, Sierra Leone).",Lowest neighboring country coverage to highest neighboring country coverage,https://apps.who.int/iris/bitstream/handle/10665/222325/WER5405_36-37.PDF?sequence=1&isAllowed=y,Neighboring country coverage sources,"WHO Final Report, Annex 17",West Africa
GHA,421,AF,Ghana,A,B,1978,1977,1978,R,0.96,0.91,1.00,0.93,0.88,0.98,0.93,0.88,0.98,1969,N,Routine vaccination stopped before February 1979,"Vaccine cessation date low estimate: last known WHO vaccine shipment in 1977 (per WHO final report). High estimate: known that vaccination stopped prior to February 1979, per WHO report (last full birth cohort with routine vaccination in 1978).","Higher age group is 15-44 years, assuming >45 years no longer relevant to population immunity today. Scar survey, 1969.","Default interval (+/- 5%), cap at 1.0",https://apps.who.int/iris/bitstream/handle/10665/222325/WER5405_36-37.PDF?sequence=1&isAllowed=y,RB p. 874,,West Africa
GIN,423,AF,Guinea,A,C,1980,1978,1982,N,0.94,0.89,0.99,0.88,0.83,0.93,0.90,0.85,0.95,1969,N,Default WHO cessation date (1980),Default interval (+/- 2 years),"Higher age group is 15-44 years, assuming >45 years no longer relevant to population immunity today. Scar survey, 1969.",Default interval (+/- 5%),RB p. 1265,RB p. 874,,West Africa
GNB,,AF,Guinea-Bissau,A,A,1980,1980,1981,R,0.64,0.59,0.69,0.77,0.72,0.82,0.63,0.58,0.68,1973,N,Known cessation date (literature),Vaccine cessation date low estimate: known cessation date. High estimate: +1 year (for lag time in stopping vaccination),"Scaled from 1998 survey in original source to match age groups in RB (subtract 25 years to 1973 timeline, consistent with other scar surveys)",Default interval (+/- 5%),https://pubmed.ncbi.nlm.nih.gov/16720061/,https://pubmed.ncbi.nlm.nih.gov/16720061/,,West Africa
CIV,425,AF,Ivory Coast,C,C,1980,1978,1982,N,,,,,,,0.83,0.67,0.95,1970,L,Default WHO cessation date (1980),Default interval (+/- 2 years),"Average of neighboring country coverages and survey years (Guinea, Guinea-Bissau, Mali, Sierra Leone).",Lowest neighboring country coverage to highest neighboring country coverage,RB p. 1265,Neighboring country coverage sources,,West Africa
KEN,427,AF,Kenya,A,C,1980,1978,1982,N,0.85,0.80,0.90,0.83,0.78,0.88,0.79,0.74,0.84,1972,N,Default WHO cessation date (1980),Default interval (+/- 2 years),"Cumulative results of scar surveys in 5 provinces, 1972.",Default interval (+/- 5%),RB p. 1265,RB p. 956,,East Africa
LSO,,AF,Lesotho,A,A,1980,1980,1981,R,0.72,0.67,0.77,,,,,,,1979,N,Known cessation date (literature),Vaccine cessation date low estimate: known cessation date. High estimate: +1 year (for lag time in stopping vaccination),"National-level coverage rate from 1979 scar survey, age group is all ""under 15"".",Default interval (+/- 5%),https://stacks.cdc.gov/view/cdc/1532,RB p. 1204,,Southern Africa
LBR,429,AF,Liberia,A,C,1980,1978,1982,N,0.92,0.87,0.97,0.88,0.83,0.93,0.83,0.78,0.88,1969,N,Default WHO cessation date (1980),Default interval (+/- 2 years),"Higher age group is 15-44 years, assuming >45 years no longer relevant to population immunity today. Scar survey, 1969.",Default interval (+/- 5%),RB p. 1265,RB p. 874,,West Africa
LBY,430,AF,Libya,C,C,1980,1978,1982,N,0.86,0.74,0.93,0.83,0.67,0.94,,,,1971,L,Default WHO cessation date (1980),Default interval (+/- 2 years),"Average of neighboring country coverages and survey years (Mali, Sudan, Chad, Niger).",Lowest neighboring country coverage to highest neighboring country coverage,RB p. 1265,Neighboring country coverage sources,,North Africa
MDG,,AF,Madagascar,C,A,1981,1981,1982,R,,,,,,,0.80,0.75,0.85,,U,Known cessation date (literature),Vaccine cessation date low estimate: known cessation date. High estimate: +1 year (for lag time in stopping vaccination),Default WHO target coverage (80%),Default interval (+/- 5%),https://stacks.cdc.gov/view/cdc/1458,RB p. 424,,East Africa
MWI,,AF,Malawi,C,C,1980,1978,1982,N,0.91,0.84,0.96,,,,,,,1977,L,Default WHO cessation date (1980),Default interval (+/- 2 years),"Average of neighboring country coverages and survey years (Botswana, Zimbabwe, Mozambique, DRC).",Lowest neighboring country coverage to highest neighboring country coverage,RB p. 1265,Neighboring country coverage sources,,East Africa
MLI,,AF,Mali,A,C,1980,1978,1982,N,0.93,0.88,0.98,0.94,0.89,0.99,0.95,0.90,1.00,1969,N,Default WHO cessation date (1980),Default interval (+/- 2 years),"Higher age group is 15-44 years, assuming >45 years no longer relevant to population immunity today. Scar survey, 1969.","Default interval (+/- 5%), cap at 1.0",RB p. 1265,RB p. 874,,West Africa
MRT,,AF,Mauritania,C,C,1980,1978,1982,N,,,,,,,0.83,0.67,0.95,1970,L,Default WHO cessation date (1980),Default interval (+/- 2 years),"Average of neighboring country coverages and survey years (Guinea, Guinea-Bissau, Mali, Sierra Leone).",Lowest neighboring country coverage to highest neighboring country coverage,RB p. 1265,Neighboring country coverage sources,,West Africa
MAR,436,AF,Morocco,C,C,1980,1978,1982,N,0.86,0.74,0.93,0.83,0.67,0.94,,,,1971,L,Default WHO cessation date (1980),Default interval (+/- 2 years),"Average of neighboring country coverages and survey years (Mali, Sudan, Chad, Niger).",Lowest neighboring country coverage to highest neighboring country coverage,RB p. 1265,Neighboring country coverage sources,,North Africa
MOZ,,AF,Mozambique,A,C,1980,1980,1982,R,0.84,0.79,0.89,0.67,0.62,0.72,,,,1971,N,Uncertainty within cessation date source,"Vaccine cessation date low estimate: know vaccination continued through 1980. High estimate: uncertainty within literature source, vaccination may have continued through 1982","Scar survey of smallpox endemic area, 1971.",Default interval (+/- 5%),https://research.unl.pt/ws/portalfiles/portal/29482779/40_years_of_immunization_in_Mozambique.pdf,RB p. 979,,East Africa
NAM,,AF,Namibia,A,C,1980,1978,1982,N,0.93,0.88,0.98,0.83,0.78,0.88,,,,1978,N,Default WHO cessation date (1980),Default interval (+/- 2 years),"Scar survey, 1978. Age groups are 6-15 years and >15 years.",Default interval (+/- 5%),RB p. 1265,RB p. 1208,,Southern Africa
NER,,AF,Niger,A,C,1980,1978,1982,N,0.90,0.85,0.95,0.67,0.62,0.72,0.74,0.69,0.79,1969,N,Default WHO cessation date (1980),Default interval (+/- 2 years),"Higher age group is 15-44 years, assuming >45 years no longer relevant to population immunity today. Scar survey, 1969.",Default interval (+/- 5%),RB p. 1265,RB p. 874,,West Africa
NGA,440,AF,Nigeria,A,C,1980,1978,1982,N,0.86,0.81,0.91,0.68,0.63,0.73,0.77,0.72,0.82,1969,N,Default WHO cessation date (1980),Default interval (+/- 2 years),"Higher age group is 15-44 years, assuming >45 years no longer relevant to population immunity today. Scar survey, 1969.",Default interval (+/- 5%),RB p. 1265,RB p. 874,,West Africa
,464,AF,"Northern Africa, Not Specified",C,,1980,1978,1982,N,0.86,0.74,0.93,0.83,0.67,0.94,,,,1971,L,Default WHO cessation date (1980),Default interval (+/- 2 years),"Average of neighboring country coverages and survey years, used to calculate coverages for all North African countries (Mali, Sudan, Chad, Niger).",Lowest neighboring country coverage to highest neighboring country coverage,RB p. 1265,Neighboring country coverage sources,,
,468,AF,"Other Africa, Not Specified",C,,1980,1978,1982,N,,,,,,,0.85,0.67,0.97,1973,L,Default WHO cessation date (1980),Default interval (+/- 2 years),"Average of all known African country coverages (overall coverages for Benin, Burundi, Chad, DRC, Djibouti, Ghana, Guinea, Guinea-Bissau, Kenya, Liberia, Mali, Niger, Nigeria, Sierra Leone, Somalia, South Africa, Tanzania, Togo, Uganda, Zimbabwe; 5-14 year coverage for Botswana, Lesotho, Mozambique, Namibia, Rwanda, Sudan, Swaziland).",Lowest known African country coverage to highest known African country coverage.,RB p. 1265,Neighboring country coverage sources,,
RWA,442,AF,Rwanda,A,C,1980,1978,1982,N,0.97,0.92,1.00,0.93,0.88,0.98,,,,1971,N,Default WHO cessation date (1980),Default interval (+/- 2 years),"Scar survey, 1971.","Default interval (+/- 5%), cap at 1.0",RB p. 1265,RB p. 961,,Central Africa
SEN,444,AF,Senegal,C,C,1980,1978,1982,N,,,,,,,0.83,0.67,0.95,1970,L,Default WHO cessation date (1980),Default interval (+/- 2 years),"Average of neighboring country coverages and survey years (Guinea, Guinea-Bissau, Mali, Sierra Leone).",Lowest neighboring country coverage to highest neighboring country coverage,RB p. 1265,Neighboring country coverage sources,,West Africa
SLE,447,AF,Sierra Leone,C,C,1980,1978,1982,N,0.89,0.84,0.94,0.80,0.75,0.85,0.84,0.79,0.89,1969,N,Default WHO cessation date (1980),Default interval (+/- 2 years),"Higher age group is 15-44 years, assuming >45 years no longer relevant to population immunity today. Scar survey, 1969.",Default interval (+/- 5%),RB p. 1265,RB p. 874,,West Africa
SOM,448,AF,Somalia,B,A,1979,1979,1980,R,,,,,,,0.80,0.66,0.85,1976,L,Known cessation date (literature),Vaccine cessation date low estimate: known cessation date. High estimate: +1 year (for lag time in stopping vaccination),"National-level coverage rate from pre-conflict period, overall survey estimate in 1976.","Low estimate: coverage based on limited, conflict-period scar survey in refugee camps, 1977. High estimate: default interval (+5%) for pre-eradication scar survey in Somalia before conflict period, 1976.",https://www.sciencedirect.com/science/article/pii/S0264410X11007596?via%3Dihub,https://apps.who.int/iris/bitstream/handle/10665/221120/WER5147_360-362.PDF?sequence=1&isAllowed=y,RB p. 1061,East Africa
ZAF,449,AF,South Africa,A,C,1980,1978,1982,N,0.86,0.81,0.87,0.70,0.65,0.75,0.84,0.70,0.87,1978,L,Default WHO cessation date (1980),Default interval (+/- 2 years),"Aggregated by age group, weighted over all three different regions surveyed (urban centers, rural provinces, rural ""Black homelands"" or townships).",5-14 interval and total interval: range between lowest and highest coverages of all areas surveyed. Over 15 interval: default interval (+/- 5%).,RB p. 1265,RB p. 1207,,Southern Africa
SSD,463,AF,South Sudan,A,A,1984,1984,1985,R,0.88,0.83,0.93,0.88,0.83,0.93,,,,1976,N,Known cessation date (literature),Vaccine cessation date low estimate: known cessation date. High estimate: +1 year (for lag time in stopping vaccination),"Assume equal distribution across age groups, lowest age group is 1-4 years. Scar survey, 1976.",Default interval (+/- 5%),http://www.scielo.org.mx/scielo.php?script=sci_arttext&pid=S0016-38132004000300013&lng=es,RB p. 941,,East Africa
SDN,451,AF,Sudan,A,A,1984,1984,1985,R,0.88,0.83,0.93,0.88,0.83,0.93,,,,1976,N,Known cessation date (literature),Vaccine cessation date low estimate: known cessation date. High estimate: +1 year (for lag time in stopping vaccination),"Assume equal distribution across age groups, lowest age group is 1-4 years. Scar survey, 1976.",Default interval (+/- 5%),http://www.scielo.org.mx/scielo.php?script=sci_arttext&pid=S0016-38132004000300013&lng=es,RB p. 941,,North Africa
SWZ,,AF,Swaziland,A,C,1980,1978,1982,N,0.85,0.80,0.90,,,,,,,1979,N,Default WHO cessation date (1980),Default interval (+/- 2 years),"National-level coverage rate from 1979 scar survey, age group is all ""under 15""",Default interval (+/- 5%),RB p. 1265,RB p. 1204,,Southern Africa
TZA,453,AF,Tanzania,A,C,1980,1978,1982,N,,,,,,,0.97,0.92,1.00,1970,N,Default WHO cessation date (1980),Default interval (+/- 2 years),"Scar survey, 1970.","Default interval (+/- 5%), cap at 1.0",RB p. 1265,RB p. 958,,East Africa
TGO,454,AF,Togo,A,C,1980,1978,1982,N,0.95,0.90,1.00,0.95,0.90,1.00,0.93,0.88,0.98,1969,N,Default WHO cessation date (1980),Default interval (+/- 2 years),"Two age groups given (<5 and >5), so older age group is used for both age-specific coverages while overall estimate comes from total results of the scar survey across all age groups.","Default interval (+/- 5%), cap at 1.0",RB p. 1265,RB p. 891,,West Africa
TUN,456,AF,Tunisia,C,C,1980,1978,1982,N,0.86,0.74,0.93,0.83,0.67,0.94,,,,1971,L,Default WHO cessation date (1980),Default interval (+/- 2 years),"Average of neighboring country coverages and survey years (Mali, Sudan, Chad, Niger).",Lowest neighboring country coverage to highest neighboring country coverage,RB p. 1265,Neighboring country coverage sources,,North Africa
UGA,457,AF,Uganda,A,C,1980,1978,1982,N,0.90,0.85,0.95,0.97,0.92,1.00,0.92,0.87,0.97,1972,N,Default WHO cessation date (1980),Default interval (+/- 2 years),"Scar survey, 1972.","Default interval (+/- 5%), cap at 1.0",RB p. 1265,RB p. 957,,East Africa
,467,AF,"Western Africa, Not Specified",C,,1980,1978,1982,N,,,,,,,0.83,0.67,0.95,1969,L,Default WHO cessation date (1980),Default interval (+/- 2 years),"Average of overall coverage for all known Western African countries (Benin, Ghana, Guinea, Guinea-Bissau, Liberia, Mali, Niger, Nigeria, Sierra Leone, Togo).",Lowest Western African known country coverage to highest known regional country coverage,RB p. 1265,Neighboring country coverage sources,,
ZMB,460,AF,Zambia,C,C,1980,1978,1982,N,0.91,0.84,0.96,,,,,,,1977,L,Default WHO cessation date (1980),Default interval (+/- 2 years),"Average of neighboring country coverages and survey years (Botswana, Zimbabwe, Mozambique, DRC).",Lowest neighboring country coverage to highest neighboring country coverage,RB p. 1265,Neighboring country coverage sources,,East Africa
ZWE,461,AF,Zimbabwe,A,C,1980,1978,1982,N,0.95,0.90,1.00,0.94,0.89,0.99,0.88,0.83,0.93,1978,N,Default WHO cessation date (1980),Default interval (+/- 2 years),"Scar survey of southern Zimbabwe in 1978 with age groups 0-6, 6-14, and >14. Calculated weighted total by aggregating age group coverages.",Default interval (+/- 5%),RB p. 1265,RB p. 1208,,East Africa
ARG,360,AM,Argentina,B,A,1978,1978,1979,R,0.88,0.83,0.93,,,,0.62,0.57,0.67,1971,N,Known cessation date (literature),Vaccine cessation date low estimate: known cessation date. High estimate: +1 year (for lag time in stopping vaccination),"Number of smallpox vaccines performed by eradication program compared to population size (does not account for take rate, not scar survey).",Default interval (+/- 5%),https://www.scielo.br/j/csc/a/XQwdtkVcBgzkMgFGKFFVg8k/?lang=es,https://apps.who.int/iris/bitstream/handle/10665/67498/WHO_SE_72.37.pdf?sequence=1,,South America
,399,AM,"Americas, Not Specified",C,,1980,1978,1982,N,0.86,0.69,0.96,,,,,,,1972,L,Default WHO cessation date (1980),Default interval (+/- 2 years),"Average of all known Latin American coverages (5-14 age group coverage for Bolivia, Brazil, Ecuador, Paraguay, Peru; overall coverage for Uruguay). ",Lowest Latin American known country coverage to highest known regional country coverage,RB p. 1265,Neighboring country coverage sources,,
ASM,,AM,American Samoa,B,A,1972,1972,1973,R,,,,,,,0.95,0.90,1.00,1970,N,Assume same cessation date as continental U.S.,Vaccine cessation date low estimate: known cessation date. High estimate: +1 year (for lag time in stopping vaccination),Assume default value is continental U.S. smallpox vaccination coverage.,Default interval (+/- 5%),https://www.cdc.gov/smallpox/vaccine-basics/index.html,RB p. 1071,,Oceania
BLZ,310,AM,Belize,C,C,1980,1978,1982,N,,,,,,,0.80,0.75,0.85,,U,Default WHO cessation date (1980),Default interval (+/- 2 years),Default WHO target coverage (80%),Default interval (+/- 5%),RB p. 1265,RB p. 424,,Central America
BOL,361,AM,Bolivia,A,C,1980,1978,1982,N,0.95,0.90,1.00,0.98,0.93,1.00,0.82,0.77,0.87,1973,N,Default WHO cessation date (1980),Default interval (+/- 2 years),"Scar survey, conducted 1972 through June 1973.",Default interval (+/- 5%),RB p. 1265,https://iris.paho.org/bitstream/handle/10665.2/27699/ev9n1p53.pdf?sequence=1,,South America
BRA,362,AM,Brazil,A,A,1975,1975,1976,R,0.84,0.79,0.89,0.83,0.78,0.88,,,,1972,N,Known cessation date (literature),Vaccine cessation date low estimate: known cessation date. High estimate: +1 year (for lag time in stopping vaccination),"Scar survey, 1972.",Default interval (+/- 5%),https://www.ncbi.nlm.nih.gov/pmc/articles/PMC2668879/,RB p. 621,,South America
CAN,301,AM,Canada,C,A,1972,1972,1973,R,,,,,,,0.80,0.75,0.85,,U,Known cessation date (literature),Vaccine cessation date low estimate: known cessation date. High estimate: +1 year (for lag time in stopping vaccination),Default WHO target coverage (80%),Default interval (+/- 5%),https://www.canada.ca/en/public-health/services/publications/healthy-living/canadian-immunization-guide-part-4-active-vaccines/page-21-smallpox-vaccine.html,RB p. 424,,North America
CHL,363,AM,Chile,C,A,1978,1978,1979,R,0.93,0.88,0.96,,,,,,,1972,L,Known cessation date (literature),Vaccine cessation date low estimate: known cessation date. High estimate: +1 year (for lag time in stopping vaccination),"Average of neighboring country coverages and survey years (Peru, Bolivia, Argentina).",Lowest neighboring country coverage to highest neighboring country coverage,https://www.scielo.cl/pdf/rci/v19n1/art09.pdf,Neighboring country coverage sources,,South America
COL,364,AM,Colombia,C,B,1972,1972,1980,U,0.88,0.84,0.96,0.87,0.83,0.89,,,,1972,R,Last known mass vaccination campaign in 1972.,Vaccine cessation date low estimate: date of last known mass vaccination campaign (unclear if this marked the end of all routine smallpox vaccination). High estimate: 1980 (default WHO cessation date),"Average of neighboring country coverages and survey years (Peru, Brazil, Ecuador).",Lowest neighboring country coverage to highest neighboring country coverage,https://iris.paho.org/bitstream/handle/10665.2/27699/ev9n1p53.pdf?sequence=1,Neighboring country coverage sources,,South America
CRI,311,AM,Costa Rica,C,C,1980,1978,1982,N,,,,,,,0.80,0.75,0.85,,U,Default WHO cessation date (1980),Default interval (+/- 2 years),Default WHO target coverage (80%),Default interval (+/- 5%),RB p. 1265,RB p. 424,,Central America
ECU,365,AM,Ecuador,A,C,1980,1978,1982,N,0.85,0.80,0.90,0.88,0.83,0.93,,,,1972,N,Default WHO cessation date (1980),Default interval (+/- 2 years),"Scar survey, conducted 1972 through June 1973.",Default interval (+/- 5%),RB p. 1265,https://iris.paho.org/bitstream/handle/10665.2/27699/ev9n1p53.pdf?sequence=1,RB p. 600,South America
SLV,312,AM,El Salvador,C,C,1980,1978,1982,N,,,,,,,0.80,0.75,0.85,,U,Default WHO cessation date (1980),Default interval (+/- 2 years),Default WHO target coverage (80%),Default interval (+/- 5%),RB p. 1265,RB p. 424,,Central America
GUF,,AM,French Guiana,C,C,1980,1978,1982,N,0.88,0.84,0.96,0.87,0.83,0.89,,,,1972,R,Default WHO cessation date (1980),Default interval (+/- 2 years),"Average of neighboring country coverages and survey years (Peru, Brazil, Ecuador).",Lowest neighboring country coverage to highest neighboring country coverage,RB p. 1265,Neighboring country coverage sources,,South America
GUM,,AM,Guam,B,A,1972,1972,1973,R,,,,,,,0.95,0.90,1.00,1970,N,Assume same cessation date as continental U.S.,Vaccine cessation date low estimate: known cessation date. High estimate: +1 year (for lag time in stopping vaccination),Assume default value is continental U.S. smallpox vaccination coverage.,Default interval (+/- 5%),https://www.cdc.gov/smallpox/vaccine-basics/index.html,RB p. 1071,,Oceania
GTM,313,AM,Guatemala,C,C,1980,1978,1982,N,,,,,,,0.80,0.75,0.85,,U,Default WHO cessation date (1980),Default interval (+/- 2 years),Default WHO target coverage (80%),Default interval (+/- 5%),RB p. 1265,RB p. 424,,Central America
GUY,368,AM,Guyana,C,C,1980,1978,1982,N,0.88,0.84,0.96,0.87,0.83,0.89,,,,1972,R,Default WHO cessation date (1980),Default interval (+/- 2 years),"Average of neighboring country coverages and survey years (Peru, Brazil, Ecuador).",Lowest neighboring country coverage to highest neighboring country coverage,RB p. 1265,Neighboring country coverage sources,,South America
HND,314,AM,Honduras,C,C,1980,1978,1982,N,,,,,,,0.80,0.75,0.85,,U,Default WHO cessation date (1980),Default interval (+/- 2 years),Default WHO target coverage (80%),Default interval (+/- 5%),RB p. 1265,RB p. 424,,Central America
MEX,303,AM,Mexico,C,A,1977,1977,1978,R,,,,,,,0.80,0.75,0.85,,U,Known cessation date (literature),Vaccine cessation date low estimate: known cessation date. High estimate: +1 year (for lag time in stopping vaccination),Default WHO target coverage (80%),Default interval (+/- 5%),http://www.scielo.org.mx/scielo.php?script=sci_arttext&pid=S0016-38132004000300013&lng=es,RB p. 424,,Central America
NIC,315,AM,Nicaragua,C,B,1978,1970,1978,U,,,,,,,0.80,0.75,0.85,,U,Routine vaccination stopped before February 1979,"Vaccine cessation date low estimate: 1970 (larger uncertainty since vaccination may have stopped well before 1977). High estimate: known that vaccination stopped prior to February 1979, per WHO report (last full birth cohort with routine vaccination in 1978).",Default WHO target coverage (80%),Default interval (+/- 5%),https://apps.who.int/iris/bitstream/handle/10665/222325/WER5405_36-37.PDF?sequence=1&isAllowed=y,RB p. 424,,Central America
,554,AM,"Other US Island Areas, Oceania, Not Specified, or at Sea",B,,1980,1978,1982,N,,,,,,,0.95,0.90,1.00,1970,N,Assume same cessation date as continental U.S.,Vaccine cessation date low estimate: known cessation date. High estimate: +1 year (for lag time in stopping vaccination),Assume default value is continental U.S. smallpox vaccination coverage.,Default interval (+/- 5%),https://www.cdc.gov/smallpox/vaccine-basics/index.html,RB p. 1071,,
PAN,316,AM,Panama,C,C,1980,1978,1982,N,,,,,,,0.80,0.75,0.85,,U,Default WHO cessation date (1980),Default interval (+/- 2 years),Default WHO target coverage (80%),Default interval (+/- 5%),RB p. 1265,RB p. 424,,Central America
PRY,369,AM,Paraguay,A,C,1980,1978,1982,N,0.85,0.72,0.93,0.85,0.69,0.98,,,,1971,L,Default WHO cessation date (1980),Default interval (+/- 2 years),Assuming even distribution across age groups to compute national coverage rates.,"Provinces with lowest and highest coverage rates, 1971 scar survey.",RB p. 1265,RB p. 599,,South America
PER,370,AM,Peru,A,A,1974,1974,1975,R,0.96,0.91,1.00,0.89,0.84,0.94,,,,1972,N,Known cessation date (literature),Vaccine cessation date low estimate: known cessation date. High estimate: +1 year (for lag time in stopping vaccination),"Scar survey, conducted 1972 through June 1973.",Default interval (+/- 5%),https://www.ncbi.nlm.nih.gov/pmc/articles/PMC2912512/,https://iris.paho.org/bitstream/handle/10665.2/27699/ev9n1p53.pdf?sequence=1,,South America
PRI,,AM,Puerto Rico,B,A,1972,1972,1973,R,,,,,,,0.95,0.90,1.00,1970,N,Assume same cessation date as continental U.S.,Vaccine cessation date low estimate: known cessation date. High estimate: +1 year (for lag time in stopping vaccination),Assume default value is continental U.S. smallpox vaccination coverage.,Default interval (+/- 5%),https://www.cdc.gov/smallpox/vaccine-basics/index.html,RB p. 1071,,Caribbean
,374,AM,South America,C,,1980,1978,1982,N,,,,,,,0.80,0.75,0.85,,U,Default WHO cessation date (1980),Default interval (+/- 2 years),Default WHO target coverage (80%),Default interval (+/- 5%),RB p. 1265,RB p. 424,,
SUR,,AM,Suriname,C,C,1980,1978,1982,N,0.88,0.84,0.96,0.87,0.83,0.89,,,,1972,R,Default WHO cessation date (1980),Default interval (+/- 2 years),"Average of neighboring country coverages and survey years (Peru, Brazil, Ecuador).",Lowest neighboring country coverage to highest neighboring country coverage,RB p. 1265,Neighboring country coverage sources,,South America
URY,372,AM,Uruguay,A,C,1980,1978,1982,N,,,,,,,0.69,0.64,0.74,1971,N,Default WHO cessation date (1980),Default interval (+/- 2 years),"Vaccines administered (not scar survey) during campaign between 1967-1971, coverage calculated using 1970 population given in RB.",Default interval (+/- 5%),RB p. 1265,RB p. 600,,South America
VIR,,AM,US Virgin Islands,B,A,1972,1972,1973,R,,,,,,,0.95,0.90,1.00,1970,N,Assume same cessation date as continental U.S.,Vaccine cessation date low estimate: known cessation date. High estimate: +1 year (for lag time in stopping vaccination),Assume default value is continental U.S. smallpox vaccination coverage.,Default interval (+/- 5%),https://www.cdc.gov/smallpox/vaccine-basics/index.html,RB p. 1071,,Caribbean
VEN,373,AM,Venezuela,C,A,1979,1979,1980,R,0.88,0.84,0.96,0.87,0.83,0.89,,,,1972,R,Known cessation date (literature),Vaccine cessation date low estimate: known cessation date. High estimate: +1 year (for lag time in stopping vaccination),"Average of neighboring country coverages and survey years (Peru, Brazil, Ecuador).",Lowest neighboring country coverage to highest neighboring country coverage,https://iris.paho.org/bitstream/handle/10665.2/32434/13019.pdf?sequence=1&isAllowed=y,Neighboring country coverage sources,,South America
ATG,321,CB,Antigua and Barbuda,C,B,1976,1970,1976,U,,,,,,,0.80,0.75,0.85,,U,Smallpox vaccination stopped before 1977 (EPI in English-speaking Caribbean in 1977 did not include smallpox in mandatory vaccinations or mass vaccination programs),Vaccine cessation date low estimate: 1970 (larger uncertainty since vaccination may have stopped well before 1977). High estimate: 1976 date (see cessation date methods).,Default WHO target coverage (80%),Default interval (+/- 5%),https://www.paho.org/spc-crb/dmdocuments/history-of-carec/The%20EPI.pdf,RB p. 424,,Caribbean
BHS,323,CB,Bahamas,C,B,1976,1970,1976,U,,,,,,,0.80,0.75,0.85,,U,Smallpox vaccination stopped before 1977 (EPI in English-speaking Caribbean in 1977 did not include smallpox in mandatory vaccinations or mass vaccination programs),Vaccine cessation date low estimate: 1970 (larger uncertainty since vaccination may have stopped well before 1977). High estimate: 1976 date (see cessation date methods).,Default WHO target coverage (80%),Default interval (+/- 5%),https://www.paho.org/spc-crb/dmdocuments/history-of-carec/The%20EPI.pdf,RB p. 424,,Caribbean
BRB,324,CB,Barbados,C,B,1976,1970,1976,U,,,,,,,0.80,0.75,0.85,,U,Smallpox vaccination stopped before 1977 (EPI in English-speaking Caribbean in 1977 did not include smallpox in mandatory vaccinations or mass vaccination programs),Vaccine cessation date low estimate: 1970 (larger uncertainty since vaccination may have stopped well before 1977). High estimate: 1976 date (see cessation date methods).,Default WHO target coverage (80%),Default interval (+/- 5%),https://www.paho.org/spc-crb/dmdocuments/history-of-carec/The%20EPI.pdf,RB p. 424,,Caribbean
BMU,300,CB,Bermuda,C,B,1976,1970,1976,U,,,,,,,0.80,0.75,0.85,,U,Smallpox vaccination stopped before 1977 (EPI in English-speaking Caribbean in 1977 did not include smallpox in mandatory vaccinations or mass vaccination programs),Vaccine cessation date low estimate: 1970 (larger uncertainty since vaccination may have stopped well before 1977). High estimate: 1976 date (see cessation date methods).,Default WHO target coverage (80%),Default interval (+/- 5%),https://www.paho.org/spc-crb/dmdocuments/history-of-carec/The%20EPI.pdf,RB p. 424,,North America
,344,CB,"Caribbean, Not Specified",C,,1976,1970,1976,U,,,,,,,0.80,0.75,0.85,,U,Smallpox vaccination stopped before 1977 (EPI in English-speaking Caribbean in 1977 did not include smallpox in mandatory vaccinations or mass vaccination programs),Vaccine cessation date low estimate: 1970 (larger uncertainty since vaccination may have stopped well before 1977). High estimate: 1976 date (see cessation date methods).,Default WHO target coverage (80%),Default interval (+/- 5%),https://www.paho.org/spc-crb/dmdocuments/history-of-carec/The%20EPI.pdf,RB p. 424,,
CUB,327,CB,Cuba,C,C,1960,1920,1960,U,,,,,,,0.80,0.75,0.85,,U,"Vaccination program in 1960 did not include smallpox, very little information available before then.",Vaccine cessation date low estimate: 1920 (account for uncertainty since known vaccination was mandated in 1911). High estimate: 1960 (known that mandated vaccinations after this point did not include smallpox),Default WHO target coverage (80%),Default interval (+/- 5%),https://iris.paho.org/bitstream/handle/10665.2/34905/v42e342018_eng.pdf?sequence=5&isAllowed=y,RB p. 424,https://www.jstor.org/stable/4566120?seq=5,Caribbean
DMA,328,CB,Dominica,C,C,1980,1978,1982,N,,,,,,,0.80,0.75,0.85,,U,Default WHO cessation date (1980),Default interval (+/- 2 years),Default WHO target coverage (80%),Default interval (+/- 5%),RB p. 1265,RB p. 424,,Caribbean
DOM,329,CB,Dominican Republic,C,C,1980,1978,1982,N,,,,,,,0.80,0.75,0.85,,U,Default WHO cessation date (1980),Default interval (+/- 2 years),Default WHO target coverage (80%),Default interval (+/- 5%),RB p. 1265,RB p. 424,,Caribbean
GRD,330,CB,Grenada,C,B,1976,1970,1976,U,,,,,,,0.80,0.75,0.85,,U,Smallpox vaccination stopped before 1977 (EPI in English-speaking Caribbean in 1977 did not include smallpox in mandatory vaccinations or mass vaccination programs),Vaccine cessation date low estimate: 1970 (larger uncertainty since vaccination may have stopped well before 1977). High estimate: 1976 date (see cessation date methods).,Default WHO target coverage (80%),Default interval (+/- 5%),https://www.paho.org/spc-crb/dmdocuments/history-of-carec/The%20EPI.pdf,RB p. 424,,Caribbean
GLP,,CB,Guadeloupe,C,B,1976,1970,1976,U,,,,,,,0.80,0.75,0.85,,U,Smallpox vaccination stopped before 1977 (EPI in English-speaking Caribbean in 1977 did not include smallpox in mandatory vaccinations or mass vaccination programs),Vaccine cessation date low estimate: 1970 (larger uncertainty since vaccination may have stopped well before 1977). High estimate: 1976 date (see cessation date methods).,Default WHO target coverage (80%),Default interval (+/- 5%),https://www.paho.org/spc-crb/dmdocuments/history-of-carec/The%20EPI.pdf,RB p. 424,,Caribbean
HTI,332,CB,Haiti,C,C,1980,1978,1982,N,,,,,,,0.80,0.75,0.85,,U,Default WHO cessation date (1980),Default interval (+/- 2 years),Default WHO target coverage (80%),Default interval (+/- 5%),RB p. 1265,RB p. 424,,Caribbean
JAM,333,CB,Jamaica,C,B,1976,1970,1976,U,,,,,,,0.80,0.75,0.85,,U,Smallpox vaccination stopped before 1977 (EPI in English-speaking Caribbean in 1977 did not include smallpox in mandatory vaccinations or mass vaccination programs),Vaccine cessation date low estimate: 1970 (larger uncertainty since vaccination may have stopped well before 1977). High estimate: 1976 date (see cessation date methods).,Default WHO target coverage (80%),Default interval (+/- 5%),https://www.paho.org/spc-crb/dmdocuments/history-of-carec/The%20EPI.pdf,RB p. 424,,Caribbean
MTQ,,CB,Martinique,C,C,1980,1978,1982,N,,,,,,,0.80,0.75,0.85,,U,Default WHO cessation date (1980),Default interval (+/- 2 years),Default WHO target coverage (80%),Default interval (+/- 5%),RB p. 1265,RB p. 424,,Caribbean
KNA,338,CB,St. Kitts-Nevis,C,B,1976,1970,1976,U,,,,,,,0.80,0.75,0.85,,U,Smallpox vaccination stopped before 1977 (EPI in English-speaking Caribbean in 1977 did not include smallpox in mandatory vaccinations or mass vaccination programs),Vaccine cessation date low estimate: 1970 (larger uncertainty since vaccination may have stopped well before 1977). High estimate: 1976 date (see cessation date methods).,Default WHO target coverage (80%),Default interval (+/- 5%),https://www.paho.org/spc-crb/dmdocuments/history-of-carec/The%20EPI.pdf,RB p. 424,,Caribbean
LCA,339,CB,St. Lucia,C,B,1976,1970,1976,U,,,,,,,0.80,0.75,0.85,,U,Smallpox vaccination stopped before 1977 (EPI in English-speaking Caribbean in 1977 did not include smallpox in mandatory vaccinations or mass vaccination programs),Vaccine cessation date low estimate: 1970 (larger uncertainty since vaccination may have stopped well before 1977). High estimate: 1976 date (see cessation date methods).,Default WHO target coverage (80%),Default interval (+/- 5%),https://www.paho.org/spc-crb/dmdocuments/history-of-carec/The%20EPI.pdf,RB p. 424,,Caribbean
VCT,340,CB,St. Vincent and the Grenadines,C,B,1976,1970,1976,U,,,,,,,0.80,0.75,0.85,,U,Smallpox vaccination stopped before 1977 (EPI in English-speaking Caribbean in 1977 did not include smallpox in mandatory vaccinations or mass vaccination programs),Vaccine cessation date low estimate: 1970 (larger uncertainty since vaccination may have stopped well before 1977). High estimate: 1976 date (see cessation date methods).,Default WHO target coverage (80%),Default interval (+/- 5%),https://www.paho.org/spc-crb/dmdocuments/history-of-carec/The%20EPI.pdf,RB p. 424,,Caribbean
TTO,341,CB,Trinidad and Tobago,C,B,1976,1970,1976,U,,,,,,,0.80,0.75,0.85,,U,Smallpox vaccination stopped before 1977 (EPI in English-speaking Caribbean in 1977 did not include smallpox in mandatory vaccinations or mass vaccination programs),Vaccine cessation date low estimate: 1970 (larger uncertainty since vaccination may have stopped well before 1977). High estimate: 1976 date (see cessation date methods).,Default WHO target coverage (80%),Default interval (+/- 5%),https://www.paho.org/spc-crb/dmdocuments/history-of-carec/The%20EPI.pdf,RB p. 424,,Caribbean
,343,CB,West Indies,C,,1976,1970,1976,U,,,,,,,0.80,0.75,0.85,,U,Smallpox vaccination stopped before 1977 (EPI in English-speaking Caribbean in 1977 did not include smallpox in mandatory vaccinations or mass vaccination programs),Vaccine cessation date low estimate: 1970 (larger uncertainty since vaccination may have stopped well before 1977). High estimate: 1976 date (see cessation date methods).,Default WHO target coverage (80%),Default interval (+/- 5%),https://www.paho.org/spc-crb/dmdocuments/history-of-carec/The%20EPI.pdf,RB p. 424,,
ALB,100,EU,Albania,C,A,1984,1984,1985,R,,,,,,,0.80,0.75,0.85,,U,Known cessation date (literature),Vaccine cessation date low estimate: known cessation date. High estimate: +1 year (for lag time in stopping vaccination),Default WHO target coverage (80%),Default interval (+/- 5%),RB p. 1265,RB p. 424,,Southern Europe
AND,,EU,Andorra,C,C,1980,1978,1982,N,,,,,,,0.80,0.75,0.85,,U,Default WHO cessation date (1980),Default interval (+/- 2 years),Default WHO target coverage (80%),Default interval (+/- 5%),RB p. 1265,RB p. 424,,Southern Europe
AUT,102,EU,Austria,C,A,1977,1977,1978,R,0.74,0.65,0.83,0.89,0.88,0.90,,,,1974,U,Known cessation date (literature),Vaccine cessation date low estimate: known cessation date. High estimate: +1 year (for lag time in stopping vaccination),"Average of neighboring country coverages and survey years (France, Italy).",Lowest neighboring country coverage to highest neighboring country coverage,https://link.springer.com/content/pdf/10.1007/s00508-010-1379-0.pdf; https://biotech.law.lsu.edu/blaw/bt/smallpox/smallpox-a41438.pdf,Neighboring country coverage sources,,Western Europe
,130,EU,Azores Islands,C,,1980,1978,1982,N,,,,,,,0.80,0.75,0.85,,U,"Default WHO cessation date (1980), default interval (+/- 2 years)",,Default WHO target coverage (80%),Default interval (+/- 5%),RB p. 1265,RB p. 424,,
BEL,103,EU,Belgium,C,B,1978,1970,1978,U,0.74,0.65,0.83,0.89,0.88,0.90,,,,1974,U,Routine vaccination stopped before February 1979,"Vaccine cessation date low estimate: 1970 (larger uncertainty since vaccination may have stopped well before 1977). High estimate: known that vaccination stopped prior to February 1979, per WHO report (last full birth cohort with routine vaccination in 1978).","Average of neighboring country coverages and survey years (France, Italy).",Lowest neighboring country coverage to highest neighboring country coverage,https://apps.who.int/iris/bitstream/handle/10665/222325/WER5405_36-37.PDF?sequence=1&isAllowed=y,Neighboring country coverage sources,,Western Europe
BIH,150,EU,Bosnia and Herzegovina,C,B,1978,1972,1978,R,,,,,,,0.80,0.75,0.85,,U,Routine vaccination stopped before February 1979,"Vaccine cessation date low estimate: last known mass vaccination campaign in Yugoslavia, last known WHO vaccine shipment. High estimate: known that vaccination stopped prior to February 1979, per WHO report (last full birth cohort with routine vaccination in 1978).",Default WHO target coverage (80%),Default interval (+/- 5%),https://apps.who.int/iris/bitstream/handle/10665/222325/WER5405_36-37.PDF?sequence=1&isAllowed=y,RB p. 424,RB pp. 1091-1094,Southern Europe
BGR,104,EU,Bulgaria,C,C,1980,1978,1982,N,,,,,,,0.80,0.75,0.85,,U,Default WHO cessation date (1980),Default interval (+/- 2 years),Default WHO target coverage (80%),Default interval (+/- 5%),RB p. 1265,RB p. 424,,Eastern Europe
HRV,151,EU,Croatia,C,B,1978,1972,1978,R,,,,,,,0.80,0.75,0.85,,U,Routine vaccination stopped before February 1979,"Vaccine cessation date low estimate: last known mass vaccination campaign in Yugoslavia, last known WHO vaccine shipment. High estimate: known that vaccination stopped prior to February 1979, per WHO report (last full birth cohort with routine vaccination in 1978).",Default WHO target coverage (80%),Default interval (+/- 5%),https://apps.who.int/iris/bitstream/handle/10665/222325/WER5405_36-37.PDF?sequence=1&isAllowed=y,RB p. 424,RB pp. 1091-1094,Southern Europe
CYP,,EU,Cyprus,C,B,1978,1975,1978,R,,,,,,,0.80,0.75,0.85,,U,Routine vaccination stopped before February 1979,"Vaccine cessation date low estimate: last known WHO vaccine shipment. High estimate: known that vaccination stopped prior to February 1979, per WHO report (last full birth cohort with routine vaccination in 1978).",Default WHO target coverage (80%),Default interval (+/- 5%),https://apps.who.int/iris/bitstream/handle/10665/222325/WER5405_36-37.PDF?sequence=1&isAllowed=y,RB p. 424,"WHO Final Report, Annex 17",Western Asia
CZE,148,EU,Czech Republic,C,C,1980,1978,1982,N,,,,,,,0.80,0.75,0.85,,U,Default WHO cessation date (1980),Default interval (+/- 2 years),Default WHO target coverage (80%),Default interval (+/- 5%),RB p. 1265,RB p. 424,,Eastern Europe
,105,EU,Czechoslovakia,C,,1980,1978,1982,N,,,,,,,0.80,0.75,0.85,,U,Default WHO cessation date (1980),Default interval (+/- 2 years),Default WHO target coverage (80%),Default interval (+/- 5%),RB p. 1265,RB p. 424,,
DNK,106,EU,Denmark,B,A,1977,1977,1978,R,0.92,0.60,0.96,,,,,,,1975,L,Known cessation date (literature),Vaccine cessation date low estimate: known cessation date. High estimate: +1 year (for lag time in stopping vaccination),"Approximate vaccination coverage (visual estimates from graph, backdated so school-aged group is birth cohorts from 1965-1970 (under 5 group is birth cohort 1971-1975).",Low estimate: approx. 60% coverage for those born in 1970; High estimate: approx. 96% coverage for those born in 1966 (both visual approximates from graph),https://academic.oup.com/ije/article/40/4/955/684336,https://academic.oup.com/ije/article/40/4/955/684336,,Northern Europe
,139,EU,England,B,,1971,1971,1972,R,,,,,,,0.60,0.55,0.65,1970,N,Assuming same cessation date for all of UK (known date from literature),Vaccine cessation date low estimate: known cessation date. High estimate: +1 year (for lag time in stopping vaccination),Assuming same or similar coverage throughout UK.,Default interval (+/- 5%),https://www.ncbi.nlm.nih.gov/books/NBK545998/,RB p. 1071,,
,166,EU,Europe,C,,1980,1978,1982,N,,,,,,,0.80,0.75,0.85,,U,Default WHO cessation date (1980),Default interval (+/- 2 years),Default WHO target coverage (80%),Default interval (+/- 5%),RB p. 1265,RB p. 424,,
FIN,108,EU,Finland,C,B,1978,1970,1978,U,0.95,0.92,0.98,,,,,,,1969,U,Routine vaccination stopped before February 1979,"Vaccine cessation date low estimate: 1970 (larger uncertainty since vaccination may have stopped well before 1977). High estimate: known that vaccination stopped prior to February 1979, per WHO report (last full birth cohort with routine vaccination in 1978).","Average of neighboring country coverages and survey years (Denmark, Sweden).",Lowest neighboring country coverage to highest neighboring country coverage,https://apps.who.int/iris/bitstream/handle/10665/222325/WER5405_36-37.PDF?sequence=1&isAllowed=y,Neighboring country coverage sources,,Northern Europe
FRA,109,EU,France,A,A,1983,1983,1984,R,0.65,0.60,0.70,0.90,0.85,0.95,,,,1978,N,Primary vaccination stopped in 1983 (revaccination stopped in 1984),Vaccine cessation date low estimate: known cessation date. High estimate: +1 year (for lag time in stopping vaccination),Scaled from 2001 to fit RB age groups with younger age group as 5-10 years. Blood serum testng instead of scar survey.,Default interval (+/- 5%),https://www.cdc.gov/mmwr/preview/mmwrhtml/00000188.htm,https://www.eurosurveillance.org/content/10.2807/esm.06.11.00385-en,RB p. 1265,Western Europe
DEU,110,EU,Germany,C,A,1978,1976,1981,R,,,,,,,0.80,0.75,0.85,,U,Average of primary vaccination cessation dates for East Germany (DDR) and West Germany (BRD). Repeat vaccination continued until 1982 in East Germany and 1983 in West Germany.,"Vaccine cessation date low estimate: West Germany primary vaccination cessation date (1976). High estimate: +1 year from later known primary vaccination cessation date (1980 for East Germany, accounts for lag time in stopping vaccination)",Default WHO target coverage (80%),Default interval (+/- 5%),https://link.springer.com/article/10.1007/s00103-012-1539-7,RB p. 424,,Western Europe
GRC,116,EU,Greece,C,C,1980,1978,1982,N,,,,,,,0.80,0.75,0.85,,U,Default WHO cessation date (1980),Default interval (+/- 2 years),Default WHO target coverage (80%),Default interval (+/- 5%),RB p. 1265,RB p. 424,,Southern Europe
GRL,,EU,Greenland,C,C,1980,1978,1982,N,,,,,,,0.80,0.75,0.85,,U,Default WHO cessation date (1980),Default interval (+/- 2 years),Default WHO target coverage (80%),Default interval (+/- 5%),RB p. 1265,RB p. 424,,North America
HUN,117,EU,Hungary,C,C,1980,1978,1982,N,,,,,,,0.80,0.75,0.85,,U,Default WHO cessation date (1980),Default interval (+/- 2 years),Default WHO target coverage (80%),Default interval (+/- 5%),RB p. 1265,RB p. 424,,Eastern Europe
ISL,118,EU,Iceland,C,C,1980,1978,1982,N,0.95,0.92,0.98,,,,,,,1969,U,Default WHO cessation date (1980),Default interval (+/- 2 years),"Average of neighboring country coverages and survey years (Denmark, Sweden).",Lowest neighboring country coverage to highest neighboring country coverage,RB p. 1265,Neighboring country coverage sources,,Northern Europe
IRL,119,EU,Ireland,C,B,1978,1970,1978,U,,,,,,,0.65,0.60,0.66,1974,U,Routine vaccination stopped before February 1979,"Vaccine cessation date low estimate: 1970 (larger uncertainty since vaccination may have stopped well before 1977). High estimate: known that vaccination stopped prior to February 1979, per WHO report (last full birth cohort with routine vaccination in 1978).","Average of neighboring country coverages and survey years (France, United Kingdom). France coverage is 5-14 age group, England coverage is overall.",Lowest neighboring country coverage to highest neighboring country coverage,https://apps.who.int/iris/bitstream/handle/10665/222325/WER5405_36-37.PDF?sequence=1&isAllowed=y,Neighboring country coverage sources,,Northern Europe
ITA,120,EU,Italy,A,A,1976,1976,1977,R,0.83,0.77,0.87,0.89,0.87,0.90,,,,1970,U,Known cessation date (literature),Vaccine cessation date low estimate: known cessation date. High estimate: +1 year (for lag time in stopping vaccination),"Vaccinia antibody (VACV or B5R) positive serum samples from 1993, scaled to 1970 to fit RB age groups (youngest age group becomes 8-17). >15 coverage estimate is weighted average of all >15 age groups.",5-14 age group: Default interval (+/- 5%). Over 15 age group: lowest to highest coverages for each age group over 15 years of age.,https://www.microbiologyresearch.org/content/journal/jgv/10.1099/vir.0.81265-0#tab2,https://www.microbiologyresearch.org/content/journal/jgv/10.1099/vir.0.81265-0#tab2,,Southern Europe
KOS,167,EU,Kosovo,B,B,1978,1972,1978,R,,,,,,,0.95,0.90,1.00,1972,N,Routine vaccination stopped before February 1979,"Vaccine cessation date low estimate: last known mass vaccination campaign in Yugoslavia, last known WHO vaccine shipment. High estimate: known that vaccination stopped prior to February 1979, per WHO report (last full birth cohort with routine vaccination in 1978).",Resulting from mass vaccination campaign in Kosovo only (not other provinces of Yugoslavia) following Kosovo smallpox epidemic in 1972.,"Default interval (+/- 5%), cap at 1.0",https://apps.who.int/iris/bitstream/handle/10665/222325/WER5405_36-37.PDF?sequence=1&isAllowed=y,RB p. 1093,RB pp. 1091-1094,Southern Europe
LIE,,EU,Liechtenstein,C,C,1980,1978,1982,N,,,,,,,0.80,0.75,0.85,,U,Default WHO cessation date (1980),Default interval (+/- 2 years),Default WHO target coverage (80%),Default interval (+/- 5%),RB p. 1265,RB p. 424,,Western Europe
LUX,,EU,Luxembourg,C,B,1978,1970,1978,U,,,,,,,0.80,0.75,0.85,,U,Routine vaccination stopped before February 1979,"Vaccine cessation date low estimate: 1970 (larger uncertainty since vaccination may have stopped well before 1977). High estimate: known that vaccination stopped prior to February 1979, per WHO report (last full birth cohort with routine vaccination in 1978).",Default WHO target coverage (80%),Default interval (+/- 5%),https://apps.who.int/iris/bitstream/handle/10665/222325/WER5405_36-37.PDF?sequence=1&isAllowed=y,RB p. 424,,Western Europe
MKD,152,EU,Macedonia,C,B,1978,1972,1978,R,,,,,,,0.80,0.75,0.85,,U,Routine vaccination stopped before February 1979,"Vaccine cessation date low estimate: last known mass vaccination campaign in Yugoslavia, last known WHO vaccine shipment. High estimate: known that vaccination stopped prior to February 1979, per WHO report (last full birth cohort with routine vaccination in 1978).",Default WHO target coverage (80%),Default interval (+/- 5%),https://apps.who.int/iris/bitstream/handle/10665/222325/WER5405_36-37.PDF?sequence=1&isAllowed=y,RB p. 424,RB pp. 1091-1094,Southern Europe
MCO,,EU,Monaco,C,C,1980,1978,1982,N,,,,,,,0.80,0.75,0.85,,U,Default WHO cessation date (1980),Default interval (+/- 2 years),Default WHO target coverage (80%),Default interval (+/- 5%),RB p. 1265,RB p. 424,,Western Europe
MNE,168,EU,Montenegro,C,B,1978,1972,1978,R,,,,,,,0.80,0.75,0.85,,U,Routine vaccination stopped before February 1979,"Vaccine cessation date low estimate: last known mass vaccination campaign in Yugoslavia, last known WHO vaccine shipment. High estimate: known that vaccination stopped prior to February 1979, per WHO report (last full birth cohort with routine vaccination in 1978).",Default WHO target coverage (80%),Default interval (+/- 5%),https://apps.who.int/iris/bitstream/handle/10665/222325/WER5405_36-37.PDF?sequence=1&isAllowed=y,RB p. 424,RB pp. 1091-1094,Southern Europe
NLD,126,EU,Netherlands,C,A,1974,1974,1975,R,0.74,0.65,0.83,0.89,0.88,0.90,,,,1974,U,Known cessation date (literature),Vaccine cessation date low estimate: known cessation date. High estimate: +1 year (for lag time in stopping vaccination),"Average of neighboring country coverages and survey years (France, Italy).",Lowest neighboring country coverage to highest neighboring country coverage,https://www.sciencedirect.com/science/article/pii/S0264410X19310187,Neighboring country coverage sources,,Western Europe
,142,EU,Northern Ireland,B,,1971,1971,1972,R,,,,,,,0.60,0.55,0.65,1970,N,Assuming same cessation date for all of UK (known date from literature),Vaccine cessation date low estimate: known cessation date. High estimate: +1 year (for lag time in stopping vaccination),Assuming same or similar coverage throughout UK.,Default interval (+/- 5%),https://www.ncbi.nlm.nih.gov/books/NBK545998/,RB p. 1071,,
NOR,127,EU,Norway,C,A,1975,1975,1976,R,0.95,0.92,0.98,,,,,,,1969,U,Smallpox excluded from routine childhood vaccinations in 1976 (last vaccinated cohort 1975),Vaccine cessation date low estimate: known cessation date. High estimate: +1 year (for lag time in stopping vaccination),"Average of neighboring country coverages and survey years (Denmark, Sweden).",Lowest neighboring country coverage to highest neighboring country coverage,https://www.fhi.no/en/about/this-is-the-norwegian-institute-of-public-health/history-of-the-norwegian-institute-/,Neighboring country coverage sources,,Northern Europe
,169,EU,"Other Europe, Not Specified",C,,1980,1978,1982,N,0.82,0.60,0.98,,,,,,,1971,L,Default WHO cessation date (1980),Default interval (+/- 2 years),"Average of all known European country coverages (5-14 age group coverage for Italy, France, Sweden, Denmark; overall coverage used for Kosovo, UK).",Lowest known European country coverage to highest known European country coverage.,RB p. 1265,Neighboring country coverage sources,,
POL,128,EU,Poland,C,C,1980,1978,1982,N,,,,,,,0.80,0.75,0.85,,U,Default WHO cessation date (1980),Default interval (+/- 2 years),Default WHO target coverage (80%),Default interval (+/- 5%),RB p. 1265,RB p. 424,,Eastern Europe
PRT,129,EU,Portugal,C,B,1978,1970,1978,U,0.74,0.65,0.83,0.89,0.88,0.90,,,,1974,U,Routine vaccination stopped before February 1979,"Vaccine cessation date low estimate: 1970 (larger uncertainty since vaccination may have stopped well before 1977). High estimate: known that vaccination stopped prior to February 1979, per WHO report (last full birth cohort with routine vaccination in 1978).","Average of neighboring country coverages and survey years (France, Italy).",Lowest neighboring country coverage to highest neighboring country coverage,https://apps.who.int/iris/bitstream/handle/10665/222325/WER5405_36-37.PDF?sequence=1&isAllowed=y,Neighboring country coverage sources,,Southern Europe
ROU,132,EU,Romania,C,C,1980,1978,1982,N,,,,,,,0.80,0.75,0.85,,U,Default WHO cessation date (1980),Default interval (+/- 2 years),Default WHO target coverage (80%),Default interval (+/- 5%),RB p. 1265,RB p. 424,,Eastern Europe
,140,EU,Scotland,B,,1971,1971,1972,R,,,,,,,0.60,0.55,0.65,1970,N,Assuming same cessation date for all of UK (known date from literature),Vaccine cessation date low estimate: known cessation date. High estimate: +1 year (for lag time in stopping vaccination),Assuming same or similar coverage throughout UK.,Default interval (+/- 5%),https://www.ncbi.nlm.nih.gov/books/NBK545998/,RB p. 1071,,
SRB,154,EU,Serbia,C,B,1978,1972,1978,R,,,,,,,0.80,0.75,0.85,,U,Routine vaccination stopped before February 1979,"Vaccine cessation date low estimate: last known mass vaccination campaign in Yugoslavia, last known WHO vaccine shipment. High estimate: known that vaccination stopped prior to February 1979, per WHO report (last full birth cohort with routine vaccination in 1978).",Default WHO target coverage (80%),Default interval (+/- 5%),https://apps.who.int/iris/bitstream/handle/10665/222325/WER5405_36-37.PDF?sequence=1&isAllowed=y,RB p. 424,RB pp. 1091-1094,Southern Europe
SVK,149,EU,Slovakia,C,C,1980,1978,1982,N,,,,,,,0.80,0.75,0.85,,U,Default WHO cessation date (1980),Default interval (+/- 2 years),Default WHO target coverage (80%),Default interval (+/- 5%),RB p. 1265,RB p. 424,,Eastern Europe
SVN,,EU,Slovenia,C,B,1978,1972,1978,R,,,,,,,0.80,0.75,0.85,,U,Routine vaccination stopped before February 1979,"Vaccine cessation date low estimate: last known mass vaccination campaign in Yugoslavia, last known WHO vaccine shipment. High estimate: known that vaccination stopped prior to February 1979, per WHO report (last full birth cohort with routine vaccination in 1978).",Default WHO target coverage (80%),Default interval (+/- 5%),https://apps.who.int/iris/bitstream/handle/10665/222325/WER5405_36-37.PDF?sequence=1&isAllowed=y,RB p. 424,RB pp. 1091-1094,Southern Europe
ESP,134,EU,Spain,C,C,1980,1978,1982,N,0.74,0.65,0.83,0.89,0.88,0.90,,,,1974,U,Default WHO cessation date (1980),Default interval (+/- 2 years),"Average of neighboring country coverages and survey years (France, Italy).",Lowest neighboring country coverage to highest neighboring country coverage,RB p. 1265,Neighboring country coverage sources,,Southern Europe
SWE,136,EU,Sweden,B,B,1975,1975,1976,R,0.98,0.93,1.00,,,,,,,1963,N,"Routine vaccination continued until 1976, but included multiple exemptions (last vaccinated cohort 1975).",Vaccine cessation date low estimate: known cessation date. High estimate: +1 year (for lag time in stopping vaccination),"Calculated coverage for children 4 and older using total vaccinations given, total number of medical and parental choice exemptions.",Default interval (+/- 5%),https://manchester.universitypressscholarship.com/view/10.7228/manchester/9781526110886.001.0001/upso-9781526110886-chapter-011,https://share.scb.se/ov9993/data/historisk%20statistik/SOS%201911-%2FH%C3%A4lso-%20och%20sjukv%C3%A5rd%2FAllm%C3%A4n%20h%C3%A4lso-%20och%20sjukv%C3%A5rd%20(SOS)%201911-1979%2FAllman-halsovard-och-sjukvard-1963.pdf,,Northern Europe
CHE,137,EU,Switzerland,C,C,1980,1978,1982,N,0.74,0.65,0.83,0.89,0.88,0.90,,,,1974,U,Default WHO cessation date (1980),Default interval (+/- 2 years),"Average of neighboring country coverages and survey years (France, Italy).",Lowest neighboring country coverage to highest neighboring country coverage,RB p. 1265,Neighboring country coverage sources,,Western Europe
GBR,138,EU,"United Kingdom, Not Specified",B,A,1971,1971,1972,R,,,,,,,0.60,0.55,0.65,1970,N,Known cessation date (literature),Vaccine cessation date low estimate: known cessation date. High estimate: +1 year (for lag time in stopping vaccination),Overall coverage estimate given in RB.,Default interval (+/- 5%),https://www.ncbi.nlm.nih.gov/books/NBK545998/,RB p. 1071,,Northern Europe
,147,EU,Yugoslavia,C,,1978,1972,1978,R,,,,,,,0.80,0.75,0.85,,U,Routine vaccination stopped before February 1979,"Vaccine cessation date low estimate: last known mass vaccination campaign in Yugoslavia, last known WHO vaccine shipment. High estimate: known that vaccination stopped prior to February 1979, per WHO report (last full birth cohort with routine vaccination in 1978).",Default WHO target coverage (80%),Default interval (+/- 5%),https://apps.who.int/iris/bitstream/handle/10665/222325/WER5405_36-37.PDF?sequence=1&isAllowed=y,RB p. 424,RB p. 1091-1094,
BHR,,ME,Bahrain,C,B,1978,1972,1978,R,,,,,,,0.80,0.75,0.85,,U,Routine vaccination stopped before February 1979,"Vaccine cessation date low estimate: last known WHO vaccine shipment (per WHO final report). High estimate: known that vaccination stopped prior to February 1979, per WHO report (last full birth cohort with routine vaccination in 1978).",Default WHO target coverage (80%),Default interval (+/- 5%),https://apps.who.int/iris/bitstream/handle/10665/222325/WER5405_36-37.PDF?sequence=1&isAllowed=y,RB p. 424,"WHO Final Report, Annex 17",Western Asia
IRN,212,ME,Iran,C,C,1980,1978,1982,N,,,,,,,0.88,0.83,0.93,1975,N,Default WHO cessation date (1980),Default interval (+/- 2 years),"Average of neighboring country coverages and survey years (Iraq, Afghanistan, Pakistan). Iraq coverage is 5-14 age group, Afghanistan and Pakistan are overall coverage.",Lowest neighboring country coverage to highest neighboring country coverage,RB p. 1265,Neighboring country coverage sources,,Southern Asia
IRQ,213,ME,Iraq,A,C,1980,1978,1982,N,0.88,0.75,1.00,,,,,,,1978,U,Default WHO cessation date (1980),Default interval (+/- 2 years),"Average of lowest and highest regional coverages (only coverages provided in RB), scar survey in 1978. Supported by previously established overall coverage of 75% after mass vaccination campaign in 1959.","Interval of coverages across regions of Iraq in 1978, given in RB",RB p. 1265,RB p. 1223,http://www.zero-pox.info/other_docs/ussr-hist.pdf,Western Asia
ISR,214,ME,Israel,C,A,1978,1978,1979,R,,,,,,,0.80,0.75,0.85,,U,"Vaccine mandated until 1980, but stopped primary vaccination for children born in 1979 (1978 last cohort for primary vaccination)",Vaccine cessation date low estimate: known cessation date. High estimate: +1 year (for lag time in stopping vaccination),Default WHO target coverage (80%),Default interval (+/- 5%),https://www.ima.org.il/FilesUploadPublic/IMAJ/0/56/28054.pdf,RB p. 424,,Western Asia
JOR,216,ME,Jordan,C,C,1980,1978,1982,N,,,,,,,0.80,0.75,0.85,,U,Default WHO cessation date (1980),Default interval (+/- 2 years),Default WHO target coverage (80%),Default interval (+/- 5%),RB p. 1265,RB p. 424,,Western Asia
KWT,222,ME,Kuwait,C,C,1980,1978,1982,N,,,,,,,0.80,0.75,0.85,,U,Default WHO cessation date (1980),Default interval (+/- 2 years),Default WHO target coverage (80%),Default interval (+/- 5%),RB p. 1265,RB p. 424,,Western Asia
LBN,224,ME,Lebanon,C,B,1978,1978,1979,R,,,,,,,0.80,0.75,0.85,,U,Routine vaccination stopped before February 1979,"Vaccine cessation date low estimate: known that vaccination stopped prior to February 1979, per WHO report (last full birth cohort with routine vaccination in 1978). High estimate: last known WHO vaccine shipment in 1978 (allows for lag time in vaccine distribution, per WHO final report)",Default WHO target coverage (80%),Default interval (+/- 5%),https://apps.who.int/iris/bitstream/handle/10665/222325/WER5405_36-37.PDF?sequence=1&isAllowed=y,RB p. 424,"WHO Final Report, Annex 17",Western Asia
OMN,,ME,Oman,C,C,1980,1978,1982,N,,,,,,,0.80,0.75,0.85,,U,Default WHO cessation date (1980),Default interval (+/- 2 years),Default WHO target coverage (80%),Default interval (+/- 5%),RB p. 1265,RB p. 424,,Western Asia
QAT,,ME,Qatar,C,C,1980,1978,1982,N,,,,,,,0.80,0.75,0.85,,U,Default WHO cessation date (1980),Default interval (+/- 2 years),Default WHO target coverage (80%),Default interval (+/- 5%),RB p. 1265,RB p. 424,,Western Asia
SAU,235,ME,Saudi Arabia,C,C,1980,1978,1982,N,,,,,,,0.80,0.75,0.85,,U,Default WHO cessation date (1980),Default interval (+/- 2 years),Default WHO target coverage (80%),Default interval (+/- 5%),RB p. 1265,RB p. 424,,Western Asia
SYR,239,ME,Syria,B,C,1980,1978,1982,N,0.66,0.25,1.00,,,,,,,1977,L,Default WHO cessation date (1980),Default interval (+/- 2 years),"Vaccination coverage of school-aged children, 1976-77 year (lower than previous year, 1975-76 coverage 72%). No formal scar survey conducted due to lack of endemic transmission during eradication campaign.",Lowest to highest regional coverage in 1976-77 data,RB p. 1265,https://apps.who.int/iris/bitstream/handle/10665/68239/WHO_SE_78.111.pdf?sequence=1&isAllowed=y,,Western Asia
TUR,243,ME,Turkey,C,C,1980,1978,1982,N,,,,,,,0.80,0.75,0.85,,U,Default WHO cessation date (1980),Default interval (+/- 2 years),Default WHO target coverage (80%),Default interval (+/- 5%),RB p. 1265,RB p. 424,,Western Asia
ARE,245,ME,United Arab Emirates,C,B,1978,1972,1978,R,,,,,,,0.80,0.75,0.85,,U,Routine vaccination stopped before February 1979,"Vaccine cessation date low estimate: last known WHO vaccine shipment (per WHO final report). High estimate: known that vaccination stopped prior to February 1979, per WHO report (last full birth cohort with routine vaccination in 1978).",Default WHO target coverage (80%),Default interval (+/- 5%),https://apps.who.int/iris/bitstream/handle/10665/222325/WER5405_36-37.PDF?sequence=1&isAllowed=y,RB p. 424,"WHO Final Report, Annex 17",Western Asia
YEM,248,ME,Yemen,B,C,1980,1978,1982,N,,,,,,,0.63,0.50,0.77,1979,R,Default WHO cessation date (1980),Default interval (+/- 2 years),"Yemen only (Democratic Yemen coverage and vaccination campaigns separate, region was less populated than Yemen at the time). Age groups do not fit, so only total coverage is given.","Regions with lowest and highest coverage rates, 1978-79 scar survey.",RB p. 1265,RB p. 1002,,Western Asia
AUS,501,PA,Australia,B,A,1979,1979,1980,R,,,,,,,0.30,0.25,0.35,1980,N,Known cessation date (literature),Vaccine cessation date low estimate: known cessation date. High estimate: +1 year (for lag time in stopping vaccination),"Modeled coverage in Sydney in 1980 using known coverages of healthcare workers, immigrants, and Australian vaccination policies. High levels of vaccine refusal and use of other containment methods.",Default interval (+/- 5%),https://www.health.vic.gov.au/immunisation/vaccine-history-timeline,https://www.ncbi.nlm.nih.gov/pmc/articles/PMC5875263/,,Oceania
FJI,508,PA,Fiji,C,B,1978,1970,1978,U,,,,,,,0.80,0.75,0.85,,U,Routine vaccination stopped before February 1979,"Vaccine cessation date low estimate: 1970 (larger uncertainty since vaccination may have stopped well before 1977). High estimate: known that vaccination stopped prior to February 1979, per WHO report (last full birth cohort with routine vaccination in 1978).",Default WHO target coverage (80%),Default interval (+/- 5%),https://apps.who.int/iris/bitstream/handle/10665/222325/WER5405_36-37.PDF?sequence=1&isAllowed=y,RB p. 424,,Oceania
MHL,511,PA,Marshall Islands,C,C,1980,1978,1982,N,,,,,,,0.80,0.75,0.85,,U,Default WHO cessation date (1980),Default interval (+/- 2 years),Default WHO target coverage (80%),Default interval (+/- 5%),RB p. 1265,RB p. 424,,Oceania
FSM,512,PA,Micronesia,C,C,1980,1978,1982,N,,,,,,,0.80,0.75,0.85,,U,Default WHO cessation date (1980),Default interval (+/- 2 years),Default WHO target coverage (80%),Default interval (+/- 5%),RB p. 1265,RB p. 424,,Oceania
NZL,515,PA,New Zealand,C,B,1978,1970,1978,U,,,,,,,0.30,0.25,0.35,1980,N,Routine vaccination stopped before February 1979,"Vaccine cessation date low estimate: 1970 (larger uncertainty since vaccination may have stopped well before 1977). High estimate: known that vaccination stopped prior to February 1979, per WHO report (last full birth cohort with routine vaccination in 1978).","Neighboring country coverage (Australia), verified with documented low vaccination coverage for other vaccines in New Zealand at this time (eg. diptheria).",Default interval (+/- 5%),https://apps.who.int/iris/bitstream/handle/10665/222325/WER5405_36-37.PDF?sequence=1&isAllowed=y,https://www.ncbi.nlm.nih.gov/pmc/articles/PMC5875263/,https://teara.govt.nz/en/public-health/page-4,Oceania
WSM,527,PA,Samoa,C,B,1978,1970,1978,U,,,,,,,0.80,0.75,0.85,,U,Routine vaccination stopped before February 1979,"Vaccine cessation date low estimate: 1970 (larger uncertainty since vaccination may have stopped well before 1977). High estimate: known that vaccination stopped prior to February 1979, per WHO report (last full birth cohort with routine vaccination in 1978).",Default WHO target coverage (80%),Default interval (+/- 5%),https://apps.who.int/iris/bitstream/handle/10665/222325/WER5405_36-37.PDF?sequence=1&isAllowed=y,RB p. 424,,Oceania
TON,523,PA,Tonga,C,B,1978,1970,1978,U,,,,,,,0.80,0.75,0.85,,U,Routine vaccination stopped before February 1979,"Vaccine cessation date low estimate: 1970 (larger uncertainty since vaccination may have stopped well before 1977). High estimate: known that vaccination stopped prior to February 1979, per WHO report (last full birth cohort with routine vaccination in 1978).",Default WHO target coverage (80%),Default interval (+/- 5%),https://apps.who.int/iris/bitstream/handle/10665/222325/WER5405_36-37.PDF?sequence=1&isAllowed=y,RB p. 424,,Oceania
AFG,200,SA,Afghanistan,A,B,1977,1977,1978,R,,,,,,,0.95,0.91,0.98,1973,L,"Last WHO vaccination shipment provided in 1977, majority of vaccines in-country provided by WHO","Vaccine cessation date low estimate: date of last known WHO vaccination shipment per WHO final report (1977), High estimate: Routine vaccination no longer required by February 1979 (per WHO report)","Weighted average of coverages for all provinces given, 1973 scar survey.","Provinces with lowest and highest coverage rates, 1973 scar survey","WHO Final Report, Annex 17",RB p. 673,https://apps.who.int/iris/bitstream/handle/10665/222325/WER5405_36-37.PDF?sequence=1&isAllowed=y,Southern Asia
BGD,202,SA,Bangladesh,B,C,1980,1978,1982,N,,,,,,,0.79,0.74,0.84,1973,N,Default WHO cessation date (1980),Default interval (+/- 2 years),"Overall estimate based on WHO smallpox eradication program records, 1973.",Default interval (+/- 5%),RB p. 1265,https://www.ncbi.nlm.nih.gov/pmc/articles/PMC2129696/,,Southern Asia
BTN,203,SA,Bhutan,A,C,1980,1978,1982,N,0.77,0.72,0.82,,,,,,,1976,N,Default WHO cessation date (1980),Default interval (+/- 2 years),"Assumes equal distribution across age groups, youngest age group is 1-4 years.",Default interval (+/- 5%),RB p. 1265,RB p. 802,,Southern Asia
IND,210,SA,India,A,C,1980,1978,1982,N,0.97,0.92,0.99,,,,,,,1969,L,Default WHO cessation date (1980),Default interval (+/- 2 years),"Weighted average of coverages from scar surveys in 9 provinces, 1969. Youngest age group is 1-4 years old.","Provinces with lowest and highest coverage rates, 1969 scar survey.",RB p. 1265,https://apps.who.int/iris/bitstream/handle/10665/217668/WER4513_137-143.PDF?sequence=1&isAllowed=y,RB p. 728,Southern Asia
NPL,229,SA,Nepal,B,C,1980,1978,1982,N,,,,,,,0.95,0.90,1.00,1975,N,Default WHO cessation date (1980),Default interval (+/- 2 years),Overall estimate given in RB reflecting coverages on or before 1975.,"Default interval (+/- 5%), cap at 1.0",RB p. 1265,RB p. 796,,Southern Asia
PAK,231,SA,Pakistan,B,C,1980,1978,1982,N,,,,,,,0.80,0.75,0.85,1973,N,Default WHO cessation date (1980),Default interval (+/- 2 years),"Overall estimate from literature, based on WHO smallpox eradication program records, 1973.",Default interval (+/- 5%),RB p. 1265,https://www.ncbi.nlm.nih.gov/pmc/articles/PMC2129696/,https://apps.who.int/iris/bitstream/handle/10665/217847/WER4532_337-343.PDF?sequence=1&isAllowed=y,Southern Asia
,253,SA,"South Central Asia, Not Specified",C,,1980,1978,1982,N,,,,,,,0.87,0.77,0.97,1973,L,Default WHO cessation date (1980),Default interval (+/- 2 years),"Average of all known South and Central Asian country coverages (overall coverage for Afghanistan, Bangladesh, Nepal, Pakistan; 5-14 age group coverage for Bhutan, India, Kazakhstan).",Lowest known South and Central Asian country coverage to highest known regional country coverage.,RB p. 1265,Neighboring country coverage sources,,
LKA,238,SA,Sri Lanka,C,C,1980,1978,1982,N,,,,,,,0.85,0.79,0.97,1972,R,Default WHO cessation date (1980),Default interval (+/- 2 years),"Average neighboring country coverage and survey years (India, Bangladesh, Pakistan). India coverage is 5-14 age group, Pakistan and Bangladesh are overall coverage.",Lowest neighboring country coverage to highest neighboring country coverage,RB p. 1265,RB p. 424,,Southern Asia
,249,SE,Asia,C,,1980,1978,1982,N,,,,,,,0.80,0.75,0.85,,U,Default WHO cessation date (1980),Default interval (+/- 2 years),Default WHO target coverage (80%),Default interval (+/- 5%),RB p. 1265,RB p. 424,,
BRN,,SE,Brunei,C,C,1980,1978,1982,N,,,,,,,0.80,0.75,0.85,,U,Default WHO cessation date (1980),Default interval (+/- 2 years),Default WHO target coverage (80%),Default interval (+/- 5%),RB p. 1265,RB p. 424,,Southeast Asia
KHM,206,SE,Cambodia,C,B,1978,1968,1978,R,0.89,0.85,0.93,,,,,,,1969,U,Routine vaccination stopped before February 1979,"Vaccine cessation date low estimate: last known WHO vaccine shipment (per WHO final report). High estimate: known that vaccination stopped prior to February 1979, per WHO report (last full birth cohort with routine vaccination in 1978).","Average neighboring country coverage and survey years (Indonesia, Thailand).",Lowest neighboring country coverage to highest neighboring country coverage,https://apps.who.int/iris/bitstream/handle/10665/222325/WER5405_36-37.PDF?sequence=1&isAllowed=y,Neighboring country coverage sources,"WHO Final Report, Annex 17",Southeast Asia
CHN,207,SE,China,A,A,1978,1978,1979,R,0.91,0.86,0.96,0.91,0.86,0.96,0.89,0.85,0.90,1979,U,Known cessation date (literature),Vaccine cessation date low estimate: known cessation date. High estimate: +1 year (for lag time in stopping vaccination),"1979 scar survey in Tibet and Western China, compatible with 90% estimated overall coverage from mass vaccination campagins in 1960s.",Coverage low: Shanghai coverage after mass vaccination campaign in 1972. Coverage high: 90% estimated total coverage from mass vaccination campagins.,https://www.sciencedirect.com/science/article/pii/S2666675821000382,https://apps.who.int/iris/bitstream/handle/10665/68284/WHO_SE_79.151.pdf?sequence=1&isAllowed=y,http://apps.who.int/iris/bitstream/handle/10665/68313/SME_79.11.pdf?sequence=1,East Asia
HKG,209,SE,Hong Kong,C,A,1979,1979,1980,R,0.90,0.85,0.93,,,,,,,1972,L,Known cessation date (literature),Vaccine cessation date low estimate: known cessation date. High estimate: +1 year (for lag time in stopping vaccination),"Average neighboring country coverage and survey years (Indonesia, Thailand, China).",Lowest neighboring country coverage to highest neighboring country coverage,https://www.hkmj.org/abstracts/v25n1/86.htm,Neighboring country coverage sources,,East Asia
IDN,211,SE,Indonesia,A,C,1980,1978,1982,N,0.93,0.83,0.99,,,,,,,1969,L,Default WHO cessation date (1980),Default interval (+/- 2 years),"Weighted average of coverages across provinces, assuming even age distribution in each province. Youngest age group is 1-4 years old.","Lowest to highest coverage rates per island of 3 surveyed, 1969 scar survey.",RB p. 1265,https://apps.who.int/iris/bitstream/handle/10665/217359/WER4436_525-529.PDF?sequence=1&isAllowed=y,RB p. 630,Southeast Asia
JPN,215,SE,Japan,C,A,1976,1976,1977,R,,,,,,,0.80,0.75,0.85,,U,Known cessation date (literature),Vaccine cessation date low estimate: known cessation date. High estimate: +1 year (for lag time in stopping vaccination),Default WHO target coverage (80%),Default interval (+/- 5%),https://environhealthprevmed.biomedcentral.com/articles/10.1007/s12199-009-0111-z,RB p. 424,,East Asia
KOR,217,SE,Korea,C,A,1978,1978,1979,R,,,,,,,0.80,0.75,0.85,,U,Stopped vaccination in January 1979 (last vaccinated cohort was 1978),Vaccine cessation date low estimate: known cessation date. High estimate: +1 year (for lag time in stopping vaccination),Default WHO target coverage (80%),Default interval (+/- 5%),https://www.ncbi.nlm.nih.gov/pmc/articles/PMC3623517/,RB p. 424,,East Asia
LAO,223,SE,Laos,C,B,1978,1974,1978,R,0.89,0.85,0.93,,,,,,,1969,U,Routine vaccination stopped before February 1979,"Vaccine cessation date low estimate: last known WHO vaccine shipment (per WHO final report). High estimate: known that vaccination stopped prior to February 1979, per WHO report (last full birth cohort with routine vaccination in 1978).","Average neighboring country coverage and survey years (Indonesia, Thailand).",Lowest neighboring country coverage to highest neighboring country coverage,https://apps.who.int/iris/bitstream/handle/10665/222325/WER5405_36-37.PDF?sequence=1&isAllowed=y,Neighboring country coverage sources,"WHO Final Report, Annex 17",Southeast Asia
MYS,226,SE,Malaysia,C,C,1980,1978,1982,N,0.89,0.85,0.93,,,,,,,1969,U,Default WHO cessation date (1980),Default interval (+/- 2 years),"Average neighboring country coverage and survey years (Indonesia, Thailand).",Lowest neighboring country coverage to highest neighboring country coverage,RB p. 1265,Neighboring country coverage sources,,Southeast Asia
MNG,228,SE,Mongolia,C,C,1980,1978,1982,N,0.90,0.88,0.91,0.91,0.90,0.92,,,,1975,U,Default WHO cessation date (1980),Default interval (+/- 2 years),"Average neighboring country coverage and survey years (China, Kazakhstan).",Lowest neighboring country coverage to highest neighboring country coverage,RB p. 1265,Neighboring country coverage sources,,East Asia
MMR,205,SE,Myanmar,C,C,1980,1978,1982,N,0.89,0.85,0.93,,,,,,,1969,U,Default WHO cessation date (1980),Default interval (+/- 2 years),"Average neighboring country coverage and survey years (Indonesia, Thailand).",Lowest neighboring country coverage to highest neighboring country coverage,RB p. 1265,Neighboring country coverage sources,,Southeast Asia
PRK,,SE,North Korea,C,C,1980,1978,1982,N,,,,,,,0.80,0.75,0.85,,U,Default WHO cessation date (1980),Default interval (+/- 2 years),Default WHO target coverage (80%),Default interval (+/- 5%),RB p. 1265,RB p. 424,,East Asia
,254,SE,"Other Asia, Not Specified",C,,1980,1978,1982,N,0.90,0.85,0.93,,,,,,,1972,L,Default WHO cessation date (1980),Default interval (+/- 2 years),"Average of all known Eastern and Southeastern Asia country coverages (5-14 age group coverage for Indonesia, China, Thailand).",Loest known Eastern and Southeastern Asia country coverage to highest known regional country coverage.,,Neighboring country coverage sources,,
PNG,,SE,Papua New Guinea,C,B,1978,1970,1978,U,0.89,0.85,0.93,,,,,,,1969,U,Routine vaccination stopped before February 1979,"Vaccine cessation date low estimate: 1970 (larger uncertainty since vaccination may have stopped well before 1977). High estimate: known that vaccination stopped prior to February 1979, per WHO report (last full birth cohort with routine vaccination in 1978).","Average neighboring country coverage and survey years (Indonesia, Thailand).",Lowest neighboring country coverage to highest neighboring country coverage,https://apps.who.int/iris/bitstream/handle/10665/222325/WER5405_36-37.PDF?sequence=1&isAllowed=y,Neighboring country coverage sources,,Oceania
PHL,233,SE,Philippines,C,B,1978,1970,1978,U,0.89,0.85,0.93,,,,,,,1969,U,Routine vaccination stopped before February 1979,"Vaccine cessation date low estimate: 1970 (larger uncertainty since vaccination may have stopped well before 1977). High estimate: known that vaccination stopped prior to February 1979, per WHO report (last full birth cohort with routine vaccination in 1978).","Average neighboring country coverage and survey years (Indonesia, Thailand).",Lowest neighboring country coverage to highest neighboring country coverage,https://apps.who.int/iris/bitstream/handle/10665/222325/WER5405_36-37.PDF?sequence=1&isAllowed=y,Neighboring country coverage sources,,Southeast Asia
SGP,236,SE,Singapore,C,C,1980,1978,1982,N,0.89,0.85,0.93,,,,,,,1969,U,Default WHO cessation date (1980),Default interval (+/- 2 years),"Average neighboring country coverage and survey years (Indonesia, Thailand).",Lowest neighboring country coverage to highest neighboring country coverage,RB p. 1265,Neighboring country coverage sources,,Southeast Asia
TWN,240,SE,Taiwan,C,A,1979,1979,1980,R,0.90,0.85,0.93,,,,,,,1972,L,Known cessation date (literature),Vaccine cessation date low estimate: known cessation date. High estimate: +1 year (for lag time in stopping vaccination),"Average neighboring country coverage and survey years (Indonesia, Thailand, China).",Lowest neighboring country coverage to highest neighboring country coverage,https://academic.oup.com/cid/article/38/1/86/356526,Neighboring country coverage sources,,East Asia
THA,242,SE,Thailand,A,C,1980,1978,1982,N,0.85,0.80,0.90,,,,,,,1969,N,Default WHO cessation date (1980),Default interval (+/- 2 years),"National-level scar survey conducted by WHO (random sample, representative of national coverage rates), 1969.",Default interval (+/- 5%),RB p. 1265,http://www.zero-pox.info/who_se/WHO_SE_78-113.pdf,,Southeast Asia
VNM,247,SE,Vietnam,C,C,1980,1978,1982,N,0.89,0.85,0.93,,,,,,,1969,U,Default WHO cessation date (1980),Default interval (+/- 2 years),"Average neighboring country coverage and survey years (Indonesia, Thailand).",Lowest neighboring country coverage to highest neighboring country coverage,RB p. 1265,Neighboring country coverage sources,,Southeast Asia
ARM,158,SR,Armenia,C,B,1979,1979,1980,R,,,,,,,0.80,0.75,0.85,,U,"Assuming uniform cessation date throughout USSR (1979), using uniform USSR polio vaccination strategy as rationale for assumption.",Vaccine cessation date low estimate: known cessation date. High estimate: +1 year (for lag time in stopping vaccination),Default WHO target coverage (80%),Default interval (+/- 5%),http://www.zero-pox.info/other_docs/ussr-hist.pdf,RB p. 424,https://www.ncbi.nlm.nih.gov/pmc/articles/PMC2555546/,Western Asia
AZE,159,SR,Azerbaijan,C,B,1979,1979,1980,R,,,,,,,0.80,0.75,0.85,,U,"Assuming uniform cessation date throughout USSR (1979), using uniform USSR polio vaccination strategy as rationale for assumption.",Vaccine cessation date low estimate: known cessation date. High estimate: +1 year (for lag time in stopping vaccination),Default WHO target coverage (80%),Default interval (+/- 5%),http://www.zero-pox.info/other_docs/ussr-hist.pdf,RB p. 424,https://www.ncbi.nlm.nih.gov/pmc/articles/PMC2555546/,Western Asia
BLR,160,SR,Belarus,C,B,1979,1979,1980,R,,,,,,,0.80,0.75,0.85,,U,"Assuming uniform cessation date throughout USSR (1979), using uniform USSR polio vaccination strategy as rationale for assumption.",Vaccine cessation date low estimate: known cessation date. High estimate: +1 year (for lag time in stopping vaccination),Default WHO target coverage (80%),Default interval (+/- 5%),http://www.zero-pox.info/other_docs/ussr-hist.pdf,RB p. 424,https://www.ncbi.nlm.nih.gov/pmc/articles/PMC2555546/,Eastern Europe
EST,,SR,Estonia,C,B,1979,1979,1980,R,,,,,,,0.80,0.75,0.85,,U,"Assuming uniform cessation date throughout USSR (1979), using uniform USSR polio vaccination strategy as rationale for assumption.",Vaccine cessation date low estimate: known cessation date. High estimate: +1 year (for lag time in stopping vaccination),Default WHO target coverage (80%),Default interval (+/- 5%),http://www.zero-pox.info/other_docs/ussr-hist.pdf,RB p. 424,https://www.ncbi.nlm.nih.gov/pmc/articles/PMC2555546/,Northern Europe
GEO,161,SR,Georgia,C,B,1979,1979,1980,R,,,,,,,0.80,0.75,0.85,,U,"Assuming uniform cessation date throughout USSR (1979), using uniform USSR polio vaccination strategy as rationale for assumption.",Vaccine cessation date low estimate: known cessation date. High estimate: +1 year (for lag time in stopping vaccination),Default WHO target coverage (80%),Default interval (+/- 5%),http://www.zero-pox.info/other_docs/ussr-hist.pdf,RB p. 424,https://www.ncbi.nlm.nih.gov/pmc/articles/PMC2555546/,Western Asia
KAZ,218,SR,Kazakhstan,A,B,1979,1979,1980,R,0.88,0.83,0.93,0.90,0.85,0.95,,,,1970,N,"Assuming uniform cessation date throughout USSR (1979), using uniform USSR polio vaccination strategy as rationale for assumption.",Vaccine cessation date low estimate: known cessation date. High estimate: +1 year (for lag time in stopping vaccination),"Coverage based on scar survey before a targeted campaign due to resurgence in one area, assumed pre-campaign coverage is more representative of broader population. 5-14 age group assumed to be same as ""school aged children"".",Default interval (+/- 5%),http://www.zero-pox.info/other_docs/ussr-hist.pdf,https://www.nonproliferation.org/wp-content/uploads/2014/01/op9.pdf,https://www.ncbi.nlm.nih.gov/pmc/articles/PMC2555546/,Central Asia
KGZ,219,SR,Kyrgyzstan,C,B,1979,1979,1980,R,,,,,,,0.91,0.88,0.95,1974,R,"Assuming uniform cessation date throughout USSR (1979), using uniform USSR polio vaccination strategy as rationale for assumption.",Vaccine cessation date low estimate: known cessation date. High estimate: +1 year (for lag time in stopping vaccination),"Average neighboring country coverage and survey years (Afghanistan, China, Kazakhstan). Kazakhstan coverage is 5-14 age group, China and Afghanistan coverage is overall.",Lowest neighboring country coverage to highest neighboring country coverage,http://www.zero-pox.info/other_docs/ussr-hist.pdf,Neighboring country coverage sources,https://www.ncbi.nlm.nih.gov/pmc/articles/PMC2555546/,Central Asia
LVA,156,SR,Latvia,C,B,1979,1979,1980,R,,,,,,,0.80,0.75,0.85,,U,"Assuming uniform cessation date throughout USSR (1979), using uniform USSR polio vaccination strategy as rationale for assumption.",Vaccine cessation date low estimate: known cessation date. High estimate: +1 year (for lag time in stopping vaccination),Default WHO target coverage (80%),Default interval (+/- 5%),http://www.zero-pox.info/other_docs/ussr-hist.pdf,RB p. 424,https://www.ncbi.nlm.nih.gov/pmc/articles/PMC2555546/,Northern Europe
LTU,157,SR,Lithuania,C,B,1979,1979,1980,R,,,,,,,0.80,0.75,0.85,,U,"Assuming uniform cessation date throughout USSR (1979), using uniform USSR polio vaccination strategy as rationale for assumption.",Vaccine cessation date low estimate: known cessation date. High estimate: +1 year (for lag time in stopping vaccination),Default WHO target coverage (80%),Default interval (+/- 5%),http://www.zero-pox.info/other_docs/ussr-hist.pdf,RB p. 424,https://www.ncbi.nlm.nih.gov/pmc/articles/PMC2555546/,Northern Europe
MDA,162,SR,Moldova,C,B,1979,1979,1980,R,,,,,,,0.80,0.75,0.85,,U,"Assuming uniform cessation date throughout USSR (1979), using uniform USSR polio vaccination strategy as rationale for assumption.",Vaccine cessation date low estimate: known cessation date. High estimate: +1 year (for lag time in stopping vaccination),Default WHO target coverage (80%),Default interval (+/- 5%),http://www.zero-pox.info/other_docs/ussr-hist.pdf,RB p. 424,https://www.ncbi.nlm.nih.gov/pmc/articles/PMC2555546/,Eastern Europe
RUS,163,SR,Russia,C,A,1979,1979,1980,R,,,,,,,0.80,0.75,0.85,,U,"Assuming uniform cessation date throughout USSR (1979), using uniform USSR polio vaccination strategy as rationale for assumption.",Vaccine cessation date low estimate: known cessation date. High estimate: +1 year (for lag time in stopping vaccination),Default WHO target coverage (80%),Default interval (+/- 5%),http://www.zero-pox.info/other_docs/ussr-hist.pdf,RB p. 424,https://www.ncbi.nlm.nih.gov/pmc/articles/PMC2555546/,Eastern Europe
TJK,,SR,Tajikistan,C,B,1979,1979,1980,R,,,,,,,0.91,0.88,0.95,1974,R,"Assuming uniform cessation date throughout USSR (1979), using uniform USSR polio vaccination strategy as rationale for assumption.",Vaccine cessation date low estimate: known cessation date. High estimate: +1 year (for lag time in stopping vaccination),"Average neighboring country coverage and survey years (Afghanistan, China, Kazakhstan). Kazakhstan coverage is 5-14 age group, China and Afghanistan coverage is overall.",Lowest neighboring country coverage to highest neighboring country coverage,http://www.zero-pox.info/other_docs/ussr-hist.pdf,Neighboring country coverage sources,https://www.ncbi.nlm.nih.gov/pmc/articles/PMC2555546/,Central Asia
TKM,,SR,Turkmenistan,C,B,1979,1979,1980,R,,,,,,,0.91,0.88,0.95,1974,R,"Assuming uniform cessation date throughout USSR (1979), using uniform USSR polio vaccination strategy as rationale for assumption.",Vaccine cessation date low estimate: known cessation date. High estimate: +1 year (for lag time in stopping vaccination),"Average neighboring country coverage and survey years (Afghanistan, China, Kazakhstan). Kazakhstan coverage is 5-14 age group, China and Afghanistan coverage is overall.",Lowest neighboring country coverage to highest neighboring country coverage,http://www.zero-pox.info/other_docs/ussr-hist.pdf,Neighboring country coverage sources,https://www.ncbi.nlm.nih.gov/pmc/articles/PMC2555546/,Central Asia
UKR,164,SR,Ukraine,C,B,1979,1979,1980,R,,,,,,,0.80,0.75,0.85,,U,"Assuming uniform cessation date throughout USSR (1979), using uniform USSR polio vaccination strategy as rationale for assumption.",Vaccine cessation date low estimate: known cessation date. High estimate: +1 year (for lag time in stopping vaccination),Default WHO target coverage (80%),Default interval (+/- 5%),http://www.zero-pox.info/other_docs/ussr-hist.pdf,RB p. 424,https://www.ncbi.nlm.nih.gov/pmc/articles/PMC2555546/,Eastern Europe
,165,SR,USSR,C,,1979,1979,1980,R,,,,,,,0.80,0.75,0.85,,U,"Assuming uniform cessation date throughout USSR (1979), using uniform USSR polio vaccination strategy as rationale for assumption.",Vaccine cessation date low estimate: known cessation date. High estimate: +1 year (for lag time in stopping vaccination),Default WHO target coverage (80%),Default interval (+/- 5%),http://www.zero-pox.info/other_docs/ussr-hist.pdf,RB p. 424,https://www.ncbi.nlm.nih.gov/pmc/articles/PMC2555546/,
UZB,246,SR,Uzbekistan,C,B,1979,1979,1980,R,,,,,,,0.91,0.88,0.95,1974,R,"Assuming uniform cessation date throughout USSR (1979), using uniform USSR polio vaccination strategy as rationale for assumption.",Vaccine cessation date low estimate: known cessation date. High estimate: +1 year (for lag time in stopping vaccination),"Average neighboring country coverage and survey years (Afghanistan, China, Kazakhstan). Kazakhstan coverage is 5-14 age group, China and Afghanistan coverage is overall.",Lowest neighboring country coverage to highest neighboring country coverage,http://www.zero-pox.info/other_docs/ussr-hist.pdf,Neighboring country coverage sources,https://www.ncbi.nlm.nih.gov/pmc/articles/PMC2555546/,Central Asia
,,,,,,,,,,,,,,,,,,,,,,,,,,,,
,,,,,,,,,,,,,,,,,,,,,,,,,,,,
,,,,,,,,,,,,,,,,,,,,,,,,,,,,
,,,,148,92,,,,,,,,,,,,,,,,,,,,,,,