Country_ISO_Code,Country_PUMS_Code,UN_region,Region,Country,cessation_data_quality,cvg_data_quality,cessdate_orig,cessdate_low,cessdate_high,cessdate_distrib,cvg_514_orig,cvg_514_low,cvg_514_high,cvg_over14_orig,cvg_over14_low,cvg_over14_high,cvg_tot_orig,cvg_tot_low,cvg_tot_high,cvg_survey_yr,cvg_distrib,Cessation Date Method/Notes,Cessation Date Interval Methods/Notes,Vax Coverage Methods/Notes,Coverage Interval Methods/Notes,Cessation Date Source,Coverage Source,Additional Sources
,462,,AF,Africa,D,C,1980,1978,1982,N,,,,,,,0.85,0.63,0.97,1973,L,Default WHO cessation date (1980),Default interval (+/- 2 years),"Average of all known African country coverages (overall coverages for Benin, Burundi, Chad, DRC, Djibouti, Ghana, Guinea, Guinea-Bissau, Kenya, Liberia, Mali, Niger, Nigeria, Sierra Leone, Somalia, South Africa, Tanzania, Togo, Uganda, Zimbabwe; 5-14 year coverage for Botswana, Lesotho, Mozambique, Namibia, Rwanda, Sudan, Swaziland).",Lowest known African country coverage to highest known African country coverage.,RB p. 1265,Neighboring country coverage sources,
DZA,400,Northern Africa,AF,Algeria,D,C,1980,1978,1982,N,0.86,0.74,0.93,0.83,0.67,0.94,,,,1971,L,Default WHO cessation date (1980),Default interval (+/- 2 years),"Average of neighboring country coverages and survey years (Mali, Sudan, Chad, Niger).",Lowest neighboring country coverage to highest neighboring country coverage,RB p. 1265,Neighboring country coverage sources,
AGO,,Middle Africa,AF,Angola,D,C,1980,1978,1982,N,0.93,0.89,0.96,,,,,,,1979,N,Default WHO cessation date (1980),Default interval (+/- 2 years),"Average of neighboring country coverages and survey years (Namibia, Botswana, DRC).",Lowest neighboring country coverage to highest neighboring country coverage,RB p. 1265,Neighboring country coverage sources,
BEN,,Western Africa,AF,Benin,D,A,1980,1978,1982,N,,,,,,,0.80,0.75,0.85,1969,N,Default WHO cessation date (1980),Default interval (+/- 2 years),"Scar survey, 1969. Includes jet injector scar and previous vaccination scars after jet injector mass campaign.",Default interval (+/- 5%),RB p. 1265,RB p. 874,
BWA,,Southern Africa,AF,Botswana,D,A,1980,1978,1982,N,0.96,0.91,1.00,,,,,,,1979,N,Default WHO cessation date (1980),Default interval (+/- 2 years),"Scar survey, 1979. National-level coverage rate, age group is all ""under 15"".","Default interval (+/- 5%), cap at 1.0",RB p. 1204,RB p. 1204,
BFA,,Western Africa,AF,Burkina Faso,D,C,1980,1978,1982,N,,,,,,,0.86,0.74,0.95,1969,N,Default WHO cessation date (1980),Default interval (+/- 2 years),"Average of neighboring country coverages and survey years (Ghana, Benin, Mali, Niger).",Lowest neighboring country coverage to highest neighboring country coverage,RB p. 1265,Neighboring country coverage sources,
BDI,,Eastern Africa,AF,Burundi,D,A,1980,1978,1982,N,0.70,0.65,0.75,0.70,0.65,0.75,0.68,0.63,0.73,1973,N,Default WHO cessation date (1980),Default interval (+/- 2 years),"Scar survey, 1973.",Default interval (+/- 5%),RB p. 1265,RB p. 962,
CPV,408,Western Africa,AF,Cabo Verde,B,D,1978,1978,1979,R,,,,,,,0.80,0.75,0.85,,U,Routine vaccination stopped before February 1979,"Vaccine cessation date low estimate: known that vaccination stopped prior to February 1979, per WHO report (last full birth cohort with routine vaccination in 1978). High estimate: last known WHO vaccine shipment in 1979 (uncertain whether this was ""routine vaccination"").",Default WHO target coverage (80%),Default interval (+/- 5%),https://apps.who.int/iris/bitstream/handle/10665/222325/WER5405_36-37.PDF?sequence=1&isAllowed=y,RB p. 424,"WHO Final Report, Annex 17"
CMR,407,Middle Africa,AF,Cameroon,D,C,1980,1978,1982,N,0.83,0.74,0.90,0.73,0.67,0.83,,,,1969,L,Default WHO cessation date (1980),Default interval (+/- 2 years),"Average of neighboring country coverages and survey years (Nigeria, Chad, Niger).",Lowest neighboring country coverage to highest neighboring country coverage,RB p. 1265,Neighboring country coverage sources,
CAF,,Middle Africa,AF,Central African Republic,A,C,1979,1979,1980,R,0.84,0.74,0.89,0.89,0.83,0.97,,,,1975,L,Known cessation date (literature),Vaccine cessation date low estimate: known cessation date. High estimate: +1 year (for lag time in stopping vaccination),"Average of neighboring country coverages and survey years (Sudan, Chad, DRC).",Lowest neighboring country coverage to highest neighboring country coverage,https://www.ncbi.nlm.nih.gov/pmc/articles/PMC6649310/,Neighboring country coverage sources,
TCD,,Middle Africa,AF,Chad,A,A,1984,1984,1985,R,0.74,0.69,0.79,0.83,0.78,0.88,0.78,0.73,0.83,1969,N,Known cessation date (literature),Vaccine cessation date low estimate: known cessation date. High estimate: +1 year (for lag time in stopping vaccination),"Scar survey, 1969. Higher age group is 15-44 years, assuming >45 years no longer relevant to population immunity today.",Default interval (+/- 5%),http://www.scielo.org.mx/scielo.php?script=sci_arttext&pid=S0016-38132004000300013&lng=es,RB p. 874,
COG,412,Middle Africa,AF,Congo,D,C,1980,1978,1982,N,0.84,0.74,0.89,0.89,0.83,0.97,,,,1975,L,Default WHO cessation date (1980),Default interval (+/- 2 years),"Average of neighboring country coverages and survey years (Sudan, Chad, DRC).",Lowest neighboring country coverage to highest neighboring country coverage,RB p. 1265,Neighboring country coverage sources,
COD,459,Middle Africa,AF,Democratic Republic of Congo,A,A,1980,1980,1981,R,0.89,0.84,0.94,0.97,0.92,1.00,0.85,0.80,0.90,1981,N,Known cessation date (literature),Vaccine cessation date low estimate: known cessation date. High estimate: +1 year (for lag time in stopping vaccination),"Scar survey, 1981. Provides percentage of population without scars so coverage is complement.","Default interval (+/- 5%), cap at 1.0",https://www.pnas.org/doi/epdf/10.1073/pnas.1005769107,https://pubmed.ncbi.nlm.nih.gov/3029395/,
DJI,,Eastern Africa,AF,Djibouti,A,A,1981,1981,1982,R,0.90,0.85,0.95,0.90,0.85,0.95,0.90,0.85,0.95,1977,N,Known cessation date (literature),Vaccine cessation date low estimate: known cessation date. High estimate: +1 year (for lag time in stopping vaccination),"Scar survey, 1977. National-level coverage. Does not provide specific survey data, but reports 90% coverage or higher in each age group.",Default interval (+/- 5%),https://stacks.cdc.gov/view/cdc/1458,RB p. 1244,
,469,,AF,"Eastern Africa, Not Specified",D,C,1980,1978,1982,N,,,,,,,0.86,0.68,0.97,1974,L,Default WHO cessation date (1980),Default interval (+/- 2 years),"Average of all Eastern African countries with known coverage (overall coverage for Burundi, DRC, Djibouti, Kenya, Somalia, Tanzania, Uganda; 5-14 age group coverage for Rwanda, Sudan).",Lowest Eastern African known country coverage to highest known regional country coverage,RB p. 1265,Neighboring country coverage sources,
EGY,414,Northern Africa,AF,Egypt,A,C,1983,1983,1984,R,0.86,0.74,0.93,0.83,0.67,0.94,,,,1971,L,Known cessation date (literature). Primary vaccination stopped in 1983 (revaccination stopped in 1982).,Vaccine cessation date low estimate: known cessation date. High estimate: +1 year (for lag time in stopping vaccination),"Average of neighboring country coverages and survey years (Mali, Sudan, Chad, Niger).",Lowest neighboring country coverage to highest neighboring country coverage,https://www.cdc.gov/mmwr/preview/mmwrhtml/00000188.htm,Neighboring country coverage sources,
ERI,417,Eastern Africa,AF,Eritrea,A,C,1977,1977,1978,R,0.88,0.85,0.90,0.89,0.83,0.97,,,,1973,L,Known cessation date (literature),Vaccine cessation date low estimate: known cessation date. High estimate: +1 year (for lag time in stopping vaccination),"Average of neighboring country coverages and survey years (Sudan, Kenya, Uganda).",Lowest neighboring country coverage to highest neighboring country coverage,https://www.sciencedirect.com/science/article/pii/S0264410X11015957?via%3Dihub,Neighboring country coverage sources,
ETH,416,Eastern Africa,AF,Ethiopia,A,C,1977,1977,1978,R,0.88,0.85,0.90,0.89,0.83,0.97,,,,1973,L,Known cessation date (literature),Vaccine cessation date low estimate: known cessation date. High estimate: +1 year (for lag time in stopping vaccination),"Average of neighboring country coverages and survey years (Sudan, Kenya, Uganda).",Lowest neighboring country coverage to highest neighboring country coverage,https://www.sciencedirect.com/science/article/pii/S0264410X11015957?via%3Dihub,Neighboring country coverage sources,
GAB,,Middle Africa,AF,Gabon,D,C,1980,1978,1982,N,0.83,0.74,0.90,0.73,0.67,0.83,,,,1969,L,Default WHO cessation date (1980),Default interval (+/- 2 years),"Average of neighboring country coverages and survey years (Nigeria, Chad, Niger).",Lowest neighboring country coverage to highest neighboring country coverage,RB p. 1265,Neighboring country coverage sources,
GMB,420,Western Africa,AF,Gambia,B,C,1978,1978,1979,R,,,,,,,0.83,0.63,0.95,1970,L,Routine vaccination stopped before February 1979,"Vaccine cessation date low estimate: known that vaccination stopped prior to February 1979, per WHO report (last full birth cohort with routine vaccination in 1978). High estimate: last known WHO vaccine shipment in 1978 (allows for lag time in vaccine distribution, per WHO final report)","Average of neighboring country coverages and survey years (Guinea, Guinea-Bissau, Mali, Sierra Leone).",Lowest neighboring country coverage to highest neighboring country coverage,https://apps.who.int/iris/bitstream/handle/10665/222325/WER5405_36-37.PDF?sequence=1&isAllowed=y,Neighboring country coverage sources,"WHO Final Report, Annex 17"
GHA,421,Western Africa,AF,Ghana,B,A,1978,1977,1978,R,0.96,0.91,1.00,0.93,0.88,0.98,0.93,0.88,0.98,1969,N,Routine vaccination stopped before February 1979,"Vaccine cessation date low estimate: last known WHO vaccine shipment in 1977 (per WHO final report). High estimate: known that vaccination stopped prior to February 1979, per WHO report (last full birth cohort with routine vaccination in 1978).","Scar survey, 1969. Higher age group is 15-44 years, assuming >45 years no longer relevant to population immunity today.","Default interval (+/- 5%), cap at 1.0",https://apps.who.int/iris/bitstream/handle/10665/222325/WER5405_36-37.PDF?sequence=1&isAllowed=y,RB p. 874,
GIN,423,Western Africa,AF,Guinea,D,A,1980,1978,1982,N,0.94,0.89,0.99,0.88,0.83,0.93,0.90,0.85,0.95,1969,N,Default WHO cessation date (1980),Default interval (+/- 2 years),"Scar survey, 1969. Higher age group is 15-44 years, assuming >45 years no longer relevant to population immunity today.",Default interval (+/- 5%),RB p. 1265,RB p. 874,
GNB,,Western Africa,AF,Guinea-Bissau,A,A,1980,1980,1981,R,0.64,0.59,0.69,0.77,0.72,0.82,0.63,0.58,0.68,1973,N,Known cessation date (literature),Vaccine cessation date low estimate: known cessation date. High estimate: +1 year (for lag time in stopping vaccination),"Scar survey, 1998. Scaled from 1998 in original source to match age groups in RB (subtract 25 years to 1973 timeline, consistent with other scar surveys)",Default interval (+/- 5%),https://pubmed.ncbi.nlm.nih.gov/16720061/,https://www.sciencedirect.com/science/article/pii/S0264410X06004920?via%3Dihub,
CIV,425,Western Africa,AF,Ivory Coast,D,C,1980,1978,1982,N,,,,,,,0.83,0.63,0.95,1970,L,Default WHO cessation date (1980),Default interval (+/- 2 years),"Average of neighboring country coverages and survey years (Guinea, Guinea-Bissau, Mali, Sierra Leone).",Lowest neighboring country coverage to highest neighboring country coverage,RB p. 1265,Neighboring country coverage sources,
KEN,427,Eastern Africa,AF,Kenya,D,A,1980,1978,1982,N,0.85,0.80,0.90,0.83,0.78,0.88,0.79,0.74,0.84,1972,N,Default WHO cessation date (1980),Default interval (+/- 2 years),"Scar survey, 1972. Cumulative results of scar surveys in 5 provinces.",Default interval (+/- 5%),RB p. 1265,RB p. 956,
LSO,,Southern Africa,AF,Lesotho,A,A,1980,1980,1981,R,0.72,0.67,0.77,,,,,,,1979,N,Known cessation date (literature),Vaccine cessation date low estimate: known cessation date. High estimate: +1 year (for lag time in stopping vaccination),"Scar survey, 1979. National-level coverage, age group is all ""under 15"".",Default interval (+/- 5%),https://stacks.cdc.gov/view/cdc/1532,RB p. 1204,
LBR,429,Western Africa,AF,Liberia,D,A,1980,1978,1982,N,0.92,0.87,0.97,0.88,0.83,0.93,0.83,0.78,0.88,1969,N,Default WHO cessation date (1980),Default interval (+/- 2 years),"Scar survey, 1969. Higher age group is 15-44 years, assuming >45 years no longer relevant to population immunity today.",Default interval (+/- 5%),RB p. 1265,RB p. 874,
LBY,430,Northern Africa,AF,Libya,D,C,1980,1978,1982,N,0.86,0.74,0.93,0.83,0.67,0.94,,,,1971,L,Default WHO cessation date (1980),Default interval (+/- 2 years),"Average of neighboring country coverages and survey years (Mali, Sudan, Chad, Niger).",Lowest neighboring country coverage to highest neighboring country coverage,RB p. 1265,Neighboring country coverage sources,
MDG,,Eastern Africa,AF,Madagascar,A,D,1981,1981,1982,R,,,,,,,0.80,0.75,0.85,,U,Known cessation date (literature),Vaccine cessation date low estimate: known cessation date. High estimate: +1 year (for lag time in stopping vaccination),Default WHO target coverage (80%),Default interval (+/- 5%),https://stacks.cdc.gov/view/cdc/1458,RB p. 424,
MWI,,Eastern Africa,AF,Malawi,D,C,1980,1978,1982,N,0.91,0.84,0.96,,,,,,,1977,L,Default WHO cessation date (1980),Default interval (+/- 2 years),"Average of neighboring country coverages and survey years (Botswana, Zimbabwe, Mozambique, DRC).",Lowest neighboring country coverage to highest neighboring country coverage,RB p. 1265,Neighboring country coverage sources,
MLI,,Western Africa,AF,Mali,D,A,1980,1978,1982,N,0.93,0.88,0.98,0.94,0.89,0.99,0.95,0.90,1.00,1969,N,Default WHO cessation date (1980),Default interval (+/- 2 years),"Scar survey, 1969. Higher age group is 15-44 years, assuming >45 years no longer relevant to population immunity today.","Default interval (+/- 5%), cap at 1.0",RB p. 1265,RB p. 874,
MRT,,Western Africa,AF,Mauritania,D,C,1980,1978,1982,N,,,,,,,0.83,0.63,0.95,1970,L,Default WHO cessation date (1980),Default interval (+/- 2 years),"Average of neighboring country coverages and survey years (Guinea, Guinea-Bissau, Mali, Sierra Leone).",Lowest neighboring country coverage to highest neighboring country coverage,RB p. 1265,Neighboring country coverage sources,
MAR,436,Northern Africa,AF,Morocco,D,C,1980,1978,1982,N,0.86,0.74,0.93,0.83,0.67,0.94,,,,1971,L,Default WHO cessation date (1980),Default interval (+/- 2 years),"Average of neighboring country coverages and survey years (Mali, Sudan, Chad, Niger).",Lowest neighboring country coverage to highest neighboring country coverage,RB p. 1265,Neighboring country coverage sources,
MOZ,,Eastern Africa,AF,Mozambique,B,A,1980,1980,1982,R,0.84,0.79,0.89,0.67,0.62,0.72,,,,1971,N,Literature source of cessation date contains uncertainty: vaccination continued at least through 1980 but may have continued through 1982.,"Vaccine cessation date low estimate: know vaccination continued through 1980. High estimate: uncertainty within literature source, vaccination may have continued through 1982","Scar survey, 1971. Survey of smallpox endemic area.",Default interval (+/- 5%),https://research.unl.pt/ws/portalfiles/portal/29482779/40_years_of_immunization_in_Mozambique.pdf,RB p. 979,
NAM,,Southern Africa,AF,Namibia,D,A,1980,1978,1982,N,0.93,0.88,0.98,0.83,0.78,0.88,,,,1978,N,Default WHO cessation date (1980),Default interval (+/- 2 years),"Scar survey, 1978. Age groups are 6-15 years and >15 years.",Default interval (+/- 5%),RB p. 1265,RB p. 1208,
NER,,Western Africa,AF,Niger,D,A,1980,1978,1982,N,0.90,0.85,0.95,0.67,0.62,0.72,0.74,0.69,0.79,1969,N,Default WHO cessation date (1980),Default interval (+/- 2 years),"Scar survey, 1969. Higher age group is 15-44 years, assuming >45 years no longer relevant to population immunity today.",Default interval (+/- 5%),RB p. 1265,RB p. 874,
NGA,440,Western Africa,AF,Nigeria,D,A,1980,1978,1982,N,0.86,0.81,0.91,0.68,0.63,0.73,0.77,0.72,0.82,1969,N,Default WHO cessation date (1980),Default interval (+/- 2 years),"Scar survey, 1969. Higher age group is 15-44 years, assuming >45 years no longer relevant to population immunity today.",Default interval (+/- 5%),RB p. 1265,RB p. 874,
,464,,AF,"Northern Africa, Not Specified",D,C,1980,1978,1982,N,0.86,0.74,0.93,0.83,0.67,0.94,,,,1971,L,Default WHO cessation date (1980),Default interval (+/- 2 years),"Average of neighboring country coverages and survey years, used to calculate coverages for all North African countries (Mali, Sudan, Chad, Niger).",Lowest neighboring country coverage to highest neighboring country coverage,RB p. 1265,Neighboring country coverage sources,
,468,,AF,"Other Africa, Not Specified",D,C,1980,1978,1982,N,,,,,,,0.85,0.63,0.97,1973,L,Default WHO cessation date (1980),Default interval (+/- 2 years),"Average of all known African country coverages (overall coverages for Benin, Burundi, Chad, DRC, Djibouti, Ghana, Guinea, Guinea-Bissau, Kenya, Liberia, Mali, Niger, Nigeria, Sierra Leone, Somalia, South Africa, Tanzania, Togo, Uganda, Zimbabwe; 5-14 year coverage for Botswana, Lesotho, Mozambique, Namibia, Rwanda, Sudan, Swaziland).",Lowest known African country coverage to highest known African country coverage.,RB p. 1265,Neighboring country coverage sources,
RWA,442,Eastern Africa,AF,Rwanda,D,A,1980,1978,1982,N,0.97,0.92,1.00,0.93,0.88,0.98,,,,1971,N,Default WHO cessation date (1980),Default interval (+/- 2 years),"Scar survey, 1971.","Default interval (+/- 5%), cap at 1.0",RB p. 1265,RB p. 961,
SEN,444,Western Africa,AF,Senegal,D,C,1980,1978,1982,N,,,,,,,0.83,0.63,0.95,1970,L,Default WHO cessation date (1980),Default interval (+/- 2 years),"Average of neighboring country coverages and survey years (Guinea, Guinea-Bissau, Mali, Sierra Leone).",Lowest neighboring country coverage to highest neighboring country coverage,RB p. 1265,Neighboring country coverage sources,
SLE,447,Western Africa,AF,Sierra Leone,D,A,1980,1978,1982,N,0.89,0.84,0.94,0.80,0.75,0.85,0.84,0.79,0.89,1969,N,Default WHO cessation date (1980),Default interval (+/- 2 years),"Scar survey, 1969. Higher age group is 15-44 years, assuming >45 years no longer relevant to population immunity today.",Default interval (+/- 5%),RB p. 1265,RB p. 874,
SOM,448,Eastern Africa,AF,Somalia,A,B,1979,1979,1980,R,,,,,,,0.80,0.66,0.85,1976,L,Known cessation date (literature),Vaccine cessation date low estimate: known cessation date. High estimate: +1 year (for lag time in stopping vaccination),"Overall survey estimate, 1976. National-level coverage rate from pre-conflict period.","Low estimate: coverage based on limited, conflict-period scar survey in refugee camps, 1977. High estimate: default interval (+5%) for pre-eradication scar survey in Somalia before conflict period, 1976.",https://www.sciencedirect.com/science/article/pii/S0264410X11007596?via%3Dihub,https://apps.who.int/iris/bitstream/handle/10665/221120/WER5147_360-362.PDF?sequence=1&isAllowed=y,RB p. 1061
ZAF,449,Southern Africa,AF,South Africa,D,A,1980,1978,1982,N,0.86,0.81,0.87,0.70,0.65,0.75,0.84,0.70,0.87,1978,L,Default WHO cessation date (1980),Default interval (+/- 2 years),"Scar survey, 1978. Aggregated by age group, weighted over all three different regions surveyed (urban centers, rural provinces, rural ""Black homelands"" or townships).",5-14 interval and total interval: range between lowest and highest coverages of all areas surveyed. Over 15 interval: default interval (+/- 5%).,RB p. 1265,RB p. 1207,
SSD,463,Eastern Africa,AF,South Sudan,A,A,1984,1984,1985,R,0.88,0.83,0.93,0.88,0.83,0.93,,,,1976,N,Known cessation date (literature),Vaccine cessation date low estimate: known cessation date. High estimate: +1 year (for lag time in stopping vaccination),"Scar survey, 1976. Assume equal distribution across age groups, lowest age group is 1-4 years.",Default interval (+/- 5%),http://www.scielo.org.mx/scielo.php?script=sci_arttext&pid=S0016-38132004000300013&lng=es,RB p. 941,
SDN,451,Northern Africa,AF,Sudan,A,A,1984,1984,1985,R,0.88,0.83,0.93,0.88,0.83,0.93,,,,1976,N,Known cessation date (literature),Vaccine cessation date low estimate: known cessation date. High estimate: +1 year (for lag time in stopping vaccination),"Scar survey, 1976. Assume equal distribution across age groups, lowest age group is 1-4 years.",Default interval (+/- 5%),http://www.scielo.org.mx/scielo.php?script=sci_arttext&pid=S0016-38132004000300013&lng=es,RB p. 941,
SWZ,,Southern Africa,AF,Swaziland (Eswatini),D,A,1980,1978,1982,N,0.85,0.80,0.90,,,,,,,1979,N,Default WHO cessation date (1980),Default interval (+/- 2 years),"Scar survey, 1979. National-level coverage, age group is all ""under 15""",Default interval (+/- 5%),RB p. 1265,RB p. 1204,
TZA,453,Eastern Africa,AF,Tanzania,D,A,1980,1978,1982,N,,,,,,,0.97,0.92,1.00,1970,N,Default WHO cessation date (1980),Default interval (+/- 2 years),"Scar survey, 1970.","Default interval (+/- 5%), cap at 1.0",RB p. 1265,RB p. 958,
TGO,454,Western Africa,AF,Togo,D,A,1980,1978,1982,N,0.95,0.90,1.00,0.95,0.90,1.00,0.93,0.88,0.98,1969,N,Default WHO cessation date (1980),Default interval (+/- 2 years),"Scar survey, 1969. Two age groups given (<5 and >5), so older age group is used for both age-specific coverages while overall estimate comes from total results across all age groups.","Default interval (+/- 5%), cap at 1.0",RB p. 1265,RB p. 891,
TUN,456,Northern Africa,AF,Tunisia,D,C,1980,1978,1982,N,0.86,0.74,0.93,0.83,0.67,0.94,,,,1971,L,Default WHO cessation date (1980),Default interval (+/- 2 years),"Average of neighboring country coverages and survey years (Mali, Sudan, Chad, Niger).",Lowest neighboring country coverage to highest neighboring country coverage,RB p. 1265,Neighboring country coverage sources,
UGA,457,Eastern Africa,AF,Uganda,D,A,1980,1978,1982,N,0.90,0.85,0.95,0.97,0.92,1.00,0.92,0.87,0.97,1972,N,Default WHO cessation date (1980),Default interval (+/- 2 years),"Scar survey, 1972.","Default interval (+/- 5%), cap at 1.0",RB p. 1265,RB p. 957,
,467,,AF,"Western Africa, Not Specified",D,C,1980,1978,1982,N,,,,,,,0.83,0.63,0.95,1969,L,Default WHO cessation date (1980),Default interval (+/- 2 years),"Average of overall coverage for all known Western African countries (Benin, Ghana, Guinea, Guinea-Bissau, Liberia, Mali, Niger, Nigeria, Sierra Leone, Togo).",Lowest Western African known country coverage to highest known regional country coverage,RB p. 1265,Neighboring country coverage sources,
ZMB,460,Eastern Africa,AF,Zambia,D,C,1980,1978,1982,N,0.91,0.84,0.96,,,,,,,1977,L,Default WHO cessation date (1980),Default interval (+/- 2 years),"Average of neighboring country coverages and survey years (Botswana, Zimbabwe, Mozambique, DRC).",Lowest neighboring country coverage to highest neighboring country coverage,RB p. 1265,Neighboring country coverage sources,
ZWE,461,Eastern Africa,AF,Zimbabwe,D,A,1980,1978,1982,N,0.95,0.90,1.00,0.94,0.89,0.99,0.88,0.83,0.93,1978,N,Default WHO cessation date (1980),Default interval (+/- 2 years),"Scar survey, 1978 in southern Zimbabwe (assume nationally representative). Age groups 0-6, 6-14, and >14. Calculated weighted total by aggregating age group coverages.",Default interval (+/- 5%),RB p. 1265,RB p. 1208,
ARG,360,South America,AM,Argentina,A,B,1978,1978,1979,R,0.88,0.83,0.93,,,,0.62,0.57,0.67,1971,N,Known cessation date (literature),Vaccine cessation date low estimate: known cessation date. High estimate: +1 year (for lag time in stopping vaccination),"Number of smallpox vaccines performed by eradication program compared to population size (not scar survey, does not account for take rate).",Default interval (+/- 5%),https://www.scielo.br/j/csc/a/XQwdtkVcBgzkMgFGKFFVg8k/?lang=es,https://apps.who.int/iris/bitstream/handle/10665/67498/WHO_SE_72.37.pdf?sequence=1,
,399,,AM,"Americas, Not Specified",D,C,1980,1978,1982,N,0.86,0.69,0.96,,,,,,,1972,L,Default WHO cessation date (1980),Default interval (+/- 2 years),"Average of all known Latin American coverages (5-14 age group coverage for Bolivia, Brazil, Ecuador, Paraguay, Peru; overall coverage for Uruguay). ",Lowest Latin American known country coverage to highest known regional country coverage,RB p. 1265,Neighboring country coverage sources,
ASM,,Oceania,AM,American Samoa,B,B,1972,1972,1973,R,,,,,,,0.95,0.90,1.00,1970,N,Assume same cessation date as continental U.S.,Vaccine cessation date low estimate: known cessation date. High estimate: +1 year (for lag time in stopping vaccination),Assume default value is continental U.S. smallpox vaccination coverage.,Default interval (+/- 5%),https://www.cdc.gov/smallpox/vaccine-basics/index.html,RB p. 1071,
BLZ,310,Central America,AM,Belize,D,D,1980,1978,1982,N,,,,,,,0.80,0.75,0.85,,U,Default WHO cessation date (1980),Default interval (+/- 2 years),Default WHO target coverage (80%),Default interval (+/- 5%),RB p. 1265,RB p. 424,
BOL,361,South America,AM,Bolivia,D,A,1980,1978,1982,N,0.95,0.90,1.00,0.98,0.93,1.00,0.82,0.77,0.87,1973,N,Default WHO cessation date (1980),Default interval (+/- 2 years),"Scar survey, conducted 1972 through June 1973.",Default interval (+/- 5%),RB p. 1265,https://iris.paho.org/bitstream/handle/10665.2/27699/ev9n1p53.pdf?sequence=1,
BRA,362,South America,AM,Brazil,A,A,1975,1975,1976,R,0.84,0.79,0.89,0.83,0.78,0.88,,,,1972,N,Known cessation date (literature),Vaccine cessation date low estimate: known cessation date. High estimate: +1 year (for lag time in stopping vaccination),"Scar survey, 1972.",Default interval (+/- 5%),https://www.ncbi.nlm.nih.gov/pmc/articles/PMC2668879/,RB p. 621,
CAN,301,Northern America,AM,Canada,A,D,1972,1972,1973,R,,,,,,,0.80,0.75,0.85,,U,Known cessation date (literature),Vaccine cessation date low estimate: known cessation date. High estimate: +1 year (for lag time in stopping vaccination),Default WHO target coverage (80%),Default interval (+/- 5%),https://www.canada.ca/en/public-health/services/publications/healthy-living/canadian-immunization-guide-part-4-active-vaccines/page-21-smallpox-vaccine.html,RB p. 424,
CHL,363,South America,AM,Chile,A,C,1978,1978,1979,R,0.93,0.88,0.96,,,,,,,1972,L,Known cessation date (literature),Vaccine cessation date low estimate: known cessation date. High estimate: +1 year (for lag time in stopping vaccination),"Average of neighboring country coverages and survey years (Peru, Bolivia, Argentina).",Lowest neighboring country coverage to highest neighboring country coverage,https://www.scielo.cl/pdf/rci/v19n1/art09.pdf,Neighboring country coverage sources,
COL,364,South America,AM,Colombia,B,C,1972,1972,1980,U,0.88,0.84,0.96,0.87,0.83,0.89,,,,1972,R,Last known mass vaccination campaign in 1972.,Vaccine cessation date low estimate: date of last known mass vaccination campaign (unclear if this marked the end of all routine smallpox vaccination). High estimate: 1980 (default WHO cessation date),"Average of neighboring country coverages and survey years (Peru, Brazil, Ecuador).",Lowest neighboring country coverage to highest neighboring country coverage,https://iris.paho.org/bitstream/handle/10665.2/27699/ev9n1p53.pdf?sequence=1,Neighboring country coverage sources,
CRI,311,Central America,AM,Costa Rica,D,D,1980,1978,1982,N,,,,,,,0.80,0.75,0.85,,U,Default WHO cessation date (1980),Default interval (+/- 2 years),Default WHO target coverage (80%),Default interval (+/- 5%),RB p. 1265,RB p. 424,
ECU,365,South America,AM,Ecuador,D,A,1980,1978,1982,N,0.85,0.80,0.90,0.88,0.83,0.93,,,,1972,N,Default WHO cessation date (1980),Default interval (+/- 2 years),"Scar survey, conducted 1972 through June 1973.",Default interval (+/- 5%),RB p. 1265,https://iris.paho.org/bitstream/handle/10665.2/27699/ev9n1p53.pdf?sequence=1,RB p. 600
SLV,312,Central America,AM,El Salvador,D,D,1980,1978,1982,N,,,,,,,0.80,0.75,0.85,,U,Default WHO cessation date (1980),Default interval (+/- 2 years),Default WHO target coverage (80%),Default interval (+/- 5%),RB p. 1265,RB p. 424,
GUF,,South America,AM,French Guiana,D,C,1980,1978,1982,N,0.88,0.84,0.96,0.87,0.83,0.89,,,,1972,R,Default WHO cessation date (1980),Default interval (+/- 2 years),"Average of neighboring country coverages and survey years (Peru, Brazil, Ecuador).",Lowest neighboring country coverage to highest neighboring country coverage,RB p. 1265,Neighboring country coverage sources,
GUM,,Oceania,AM,Guam,B,B,1972,1972,1973,R,,,,,,,0.95,0.90,1.00,1970,N,Assume same cessation date as continental U.S.,Vaccine cessation date low estimate: known cessation date. High estimate: +1 year (for lag time in stopping vaccination),Assume default value is continental U.S. smallpox vaccination coverage.,Default interval (+/- 5%),https://www.cdc.gov/smallpox/vaccine-basics/index.html,RB p. 1071,
GTM,313,Central America,AM,Guatemala,D,D,1980,1978,1982,N,,,,,,,0.80,0.75,0.85,,U,Default WHO cessation date (1980),Default interval (+/- 2 years),Default WHO target coverage (80%),Default interval (+/- 5%),RB p. 1265,RB p. 424,
GUY,368,South America,AM,Guyana,D,C,1980,1978,1982,N,0.88,0.84,0.96,0.87,0.83,0.89,,,,1972,R,Default WHO cessation date (1980),Default interval (+/- 2 years),"Average of neighboring country coverages and survey years (Peru, Brazil, Ecuador).",Lowest neighboring country coverage to highest neighboring country coverage,RB p. 1265,Neighboring country coverage sources,
HND,314,Central America,AM,Honduras,D,D,1980,1978,1982,N,,,,,,,0.80,0.75,0.85,,U,Default WHO cessation date (1980),Default interval (+/- 2 years),Default WHO target coverage (80%),Default interval (+/- 5%),RB p. 1265,RB p. 424,
MEX,303,Central America,AM,Mexico,A,D,1977,1977,1978,R,,,,,,,0.80,0.75,0.85,,U,Known cessation date (literature),Vaccine cessation date low estimate: known cessation date. High estimate: +1 year (for lag time in stopping vaccination),Default WHO target coverage (80%),Default interval (+/- 5%),http://www.scielo.org.mx/scielo.php?script=sci_arttext&pid=S0016-38132004000300013&lng=es,RB p. 424,
NIC,315,Central America,AM,Nicaragua,C,D,1978,1970,1978,U,,,,,,,0.80,0.75,0.85,,U,Routine vaccination stopped before February 1979,"Vaccine cessation date low estimate: 1970 (larger uncertainty since vaccination may have stopped well before 1977). High estimate: known that vaccination stopped prior to February 1979, per WHO report (last full birth cohort with routine vaccination in 1978).",Default WHO target coverage (80%),Default interval (+/- 5%),https://apps.who.int/iris/bitstream/handle/10665/222325/WER5405_36-37.PDF?sequence=1&isAllowed=y,RB p. 424,
,554,,AM,"Other US Island Areas, Oceania, Not Specified, or at Sea",B,B,1980,1978,1982,N,,,,,,,0.95,0.90,1.00,1970,N,Assume same cessation date as continental U.S.,Vaccine cessation date low estimate: known cessation date. High estimate: +1 year (for lag time in stopping vaccination),Assume default value is continental U.S. smallpox vaccination coverage.,Default interval (+/- 5%),https://www.cdc.gov/smallpox/vaccine-basics/index.html,RB p. 1071,
PAN,316,Central America,AM,Panama,D,D,1980,1978,1982,N,,,,,,,0.80,0.75,0.85,,U,Default WHO cessation date (1980),Default interval (+/- 2 years),Default WHO target coverage (80%),Default interval (+/- 5%),RB p. 1265,RB p. 424,
PRY,369,South America,AM,Paraguay,D,A,1980,1978,1982,N,0.85,0.72,0.93,0.85,0.69,0.98,,,,1971,L,Default WHO cessation date (1980),Default interval (+/- 2 years),"Scar survey, 1971. Assuming even distribution across age groups. National coverage computed from weighted average of regions.","Provinces with lowest and highest coverage rates, 1971 scar survey.",RB p. 1265,RB p. 599,
PER,370,South America,AM,Peru,A,A,1974,1974,1975,R,0.96,0.91,1.00,0.89,0.84,0.94,,,,1972,N,Known cessation date (literature),Vaccine cessation date low estimate: known cessation date. High estimate: +1 year (for lag time in stopping vaccination),"Scar survey, conducted 1972 through June 1973.",Default interval (+/- 5%),https://www.ncbi.nlm.nih.gov/pmc/articles/PMC2912512/,https://iris.paho.org/bitstream/handle/10665.2/27699/ev9n1p53.pdf?sequence=1,
PRI,,Caribbean,AM,Puerto Rico,B,B,1972,1972,1973,R,,,,,,,0.95,0.90,1.00,1970,N,Assume same cessation date as continental U.S.,Vaccine cessation date low estimate: known cessation date. High estimate: +1 year (for lag time in stopping vaccination),Assume default value is continental U.S. smallpox vaccination coverage.,Default interval (+/- 5%),https://www.cdc.gov/smallpox/vaccine-basics/index.html,RB p. 1071,
,374,South America,AM,South America,D,D,1980,1978,1982,N,,,,,,,0.80,0.75,0.85,,U,Default WHO cessation date (1980),Default interval (+/- 2 years),Default WHO target coverage (80%),Default interval (+/- 5%),RB p. 1265,RB p. 424,
SUR,,South America,AM,Suriname,D,C,1980,1978,1982,N,0.88,0.84,0.96,0.87,0.83,0.89,,,,1972,R,Default WHO cessation date (1980),Default interval (+/- 2 years),"Average of neighboring country coverages and survey years (Peru, Brazil, Ecuador).",Lowest neighboring country coverage to highest neighboring country coverage,RB p. 1265,Neighboring country coverage sources,
URY,372,South America,AM,Uruguay,D,B,1980,1978,1982,N,,,,,,,0.69,0.64,0.74,1971,N,Default WHO cessation date (1980),Default interval (+/- 2 years),Number of vaccines administered (not scar survey) during 1967-1971 vaccination campaign. Coverage calculated using 1970 population given in RB.,Default interval (+/- 5%),RB p. 1265,RB p. 600,
VIR,,Caribbean,AM,US Virgin Islands,B,B,1972,1972,1973,R,,,,,,,0.95,0.90,1.00,1970,N,Assume same cessation date as continental U.S.,Vaccine cessation date low estimate: known cessation date. High estimate: +1 year (for lag time in stopping vaccination),Assume default value is continental U.S. smallpox vaccination coverage.,Default interval (+/- 5%),https://www.cdc.gov/smallpox/vaccine-basics/index.html,RB p. 1071,
VEN,373,South America,AM,Venezuela,A,C,1979,1979,1980,R,0.88,0.84,0.96,0.87,0.83,0.89,,,,1972,R,Known cessation date (literature),Vaccine cessation date low estimate: known cessation date. High estimate: +1 year (for lag time in stopping vaccination),"Average of neighboring country coverages and survey years (Peru, Brazil, Ecuador).",Lowest neighboring country coverage to highest neighboring country coverage,https://iris.paho.org/bitstream/handle/10665.2/32434/13019.pdf?sequence=1&isAllowed=y,Neighboring country coverage sources,
ATG,321,Caribbean,CB,Antigua and Barbuda,C,D,1976,1970,1976,U,,,,,,,0.80,0.75,0.85,,U,Smallpox vaccination stopped before 1977 (EPI in English-speaking Caribbean in 1977 did not include smallpox in mandatory vaccinations or mass vaccination programs),Vaccine cessation date low estimate: 1970 (larger uncertainty since vaccination may have stopped well before 1977). High estimate: 1976 date (see cessation date methods).,Default WHO target coverage (80%),Default interval (+/- 5%),https://www.paho.org/spc-crb/dmdocuments/history-of-carec/The%20EPI.pdf,RB p. 424,
BHS,323,Caribbean,CB,Bahamas,C,D,1976,1970,1976,U,,,,,,,0.80,0.75,0.85,,U,Smallpox vaccination stopped before 1977 (EPI in English-speaking Caribbean in 1977 did not include smallpox in mandatory vaccinations or mass vaccination programs),Vaccine cessation date low estimate: 1970 (larger uncertainty since vaccination may have stopped well before 1977). High estimate: 1976 date (see cessation date methods).,Default WHO target coverage (80%),Default interval (+/- 5%),https://www.paho.org/spc-crb/dmdocuments/history-of-carec/The%20EPI.pdf,RB p. 424,
BRB,324,Caribbean,CB,Barbados,C,D,1976,1970,1976,U,,,,,,,0.80,0.75,0.85,,U,Smallpox vaccination stopped before 1977 (EPI in English-speaking Caribbean in 1977 did not include smallpox in mandatory vaccinations or mass vaccination programs),Vaccine cessation date low estimate: 1970 (larger uncertainty since vaccination may have stopped well before 1977). High estimate: 1976 date (see cessation date methods).,Default WHO target coverage (80%),Default interval (+/- 5%),https://www.paho.org/spc-crb/dmdocuments/history-of-carec/The%20EPI.pdf,RB p. 424,
BMU,300,Northern America,CB,Bermuda,C,D,1976,1970,1976,U,,,,,,,0.80,0.75,0.85,,U,Smallpox vaccination stopped before 1977 (EPI in English-speaking Caribbean in 1977 did not include smallpox in mandatory vaccinations or mass vaccination programs),Vaccine cessation date low estimate: 1970 (larger uncertainty since vaccination may have stopped well before 1977). High estimate: 1976 date (see cessation date methods).,Default WHO target coverage (80%),Default interval (+/- 5%),https://www.paho.org/spc-crb/dmdocuments/history-of-carec/The%20EPI.pdf,RB p. 424,
,344,,CB,"Caribbean, Not Specified",C,D,1976,1970,1976,U,,,,,,,0.80,0.75,0.85,,U,Smallpox vaccination stopped before 1977 (EPI in English-speaking Caribbean in 1977 did not include smallpox in mandatory vaccinations or mass vaccination programs),Vaccine cessation date low estimate: 1970 (larger uncertainty since vaccination may have stopped well before 1977). High estimate: 1976 date (see cessation date methods).,Default WHO target coverage (80%),Default interval (+/- 5%),https://www.paho.org/spc-crb/dmdocuments/history-of-carec/The%20EPI.pdf,RB p. 424,
CUB,327,Caribbean,CB,Cuba,C,D,1960,1920,1960,U,,,,,,,0.80,0.75,0.85,,U,"Vaccination program in 1960 did not include smallpox, very little information available before then.",Vaccine cessation date low estimate: 1920 (account for uncertainty since known vaccination was mandated in 1911). High estimate: 1960 (known that mandated vaccinations after this point did not include smallpox),Default WHO target coverage (80%),Default interval (+/- 5%),https://iris.paho.org/bitstream/handle/10665.2/34905/v42e342018_eng.pdf?sequence=5&isAllowed=y,RB p. 424,https://www.jstor.org/stable/4566120?seq=5
DMA,328,Caribbean,CB,Dominica,D,D,1980,1978,1982,N,,,,,,,0.80,0.75,0.85,,U,Default WHO cessation date (1980),Default interval (+/- 2 years),Default WHO target coverage (80%),Default interval (+/- 5%),RB p. 1265,RB p. 424,
DOM,329,Caribbean,CB,Dominican Republic,D,D,1980,1978,1982,N,,,,,,,0.80,0.75,0.85,,U,Default WHO cessation date (1980),Default interval (+/- 2 years),Default WHO target coverage (80%),Default interval (+/- 5%),RB p. 1265,RB p. 424,
GRD,330,Caribbean,CB,Grenada,C,D,1976,1970,1976,U,,,,,,,0.80,0.75,0.85,,U,Smallpox vaccination stopped before 1977 (EPI in English-speaking Caribbean in 1977 did not include smallpox in mandatory vaccinations or mass vaccination programs),Vaccine cessation date low estimate: 1970 (larger uncertainty since vaccination may have stopped well before 1977). High estimate: 1976 date (see cessation date methods).,Default WHO target coverage (80%),Default interval (+/- 5%),https://www.paho.org/spc-crb/dmdocuments/history-of-carec/The%20EPI.pdf,RB p. 424,
GLP,,Caribbean,CB,Guadeloupe,C,D,1976,1970,1976,U,,,,,,,0.80,0.75,0.85,,U,Smallpox vaccination stopped before 1977 (EPI in English-speaking Caribbean in 1977 did not include smallpox in mandatory vaccinations or mass vaccination programs),Vaccine cessation date low estimate: 1970 (larger uncertainty since vaccination may have stopped well before 1977). High estimate: 1976 date (see cessation date methods).,Default WHO target coverage (80%),Default interval (+/- 5%),https://www.paho.org/spc-crb/dmdocuments/history-of-carec/The%20EPI.pdf,RB p. 424,
HTI,332,Caribbean,CB,Haiti,D,D,1980,1978,1982,N,,,,,,,0.80,0.75,0.85,,U,Default WHO cessation date (1980),Default interval (+/- 2 years),Default WHO target coverage (80%),Default interval (+/- 5%),RB p. 1265,RB p. 424,
JAM,333,Caribbean,CB,Jamaica,C,D,1976,1970,1976,U,,,,,,,0.80,0.75,0.85,,U,Smallpox vaccination stopped before 1977 (EPI in English-speaking Caribbean in 1977 did not include smallpox in mandatory vaccinations or mass vaccination programs),Vaccine cessation date low estimate: 1970 (larger uncertainty since vaccination may have stopped well before 1977). High estimate: 1976 date (see cessation date methods).,Default WHO target coverage (80%),Default interval (+/- 5%),https://www.paho.org/spc-crb/dmdocuments/history-of-carec/The%20EPI.pdf,RB p. 424,
MTQ,,Caribbean,CB,Martinique,D,D,1980,1978,1982,N,,,,,,,0.80,0.75,0.85,,U,Default WHO cessation date (1980),Default interval (+/- 2 years),Default WHO target coverage (80%),Default interval (+/- 5%),RB p. 1265,RB p. 424,
KNA,338,Caribbean,CB,St. Kitts and Nevis,C,D,1976,1970,1976,U,,,,,,,0.80,0.75,0.85,,U,Smallpox vaccination stopped before 1977 (EPI in English-speaking Caribbean in 1977 did not include smallpox in mandatory vaccinations or mass vaccination programs),Vaccine cessation date low estimate: 1970 (larger uncertainty since vaccination may have stopped well before 1977). High estimate: 1976 date (see cessation date methods).,Default WHO target coverage (80%),Default interval (+/- 5%),https://www.paho.org/spc-crb/dmdocuments/history-of-carec/The%20EPI.pdf,RB p. 424,
LCA,339,Caribbean,CB,St. Lucia,C,D,1976,1970,1976,U,,,,,,,0.80,0.75,0.85,,U,Smallpox vaccination stopped before 1977 (EPI in English-speaking Caribbean in 1977 did not include smallpox in mandatory vaccinations or mass vaccination programs),Vaccine cessation date low estimate: 1970 (larger uncertainty since vaccination may have stopped well before 1977). High estimate: 1976 date (see cessation date methods).,Default WHO target coverage (80%),Default interval (+/- 5%),https://www.paho.org/spc-crb/dmdocuments/history-of-carec/The%20EPI.pdf,RB p. 424,
VCT,340,Caribbean,CB,St. Vincent and the Grenadines,C,D,1976,1970,1976,U,,,,,,,0.80,0.75,0.85,,U,Smallpox vaccination stopped before 1977 (EPI in English-speaking Caribbean in 1977 did not include smallpox in mandatory vaccinations or mass vaccination programs),Vaccine cessation date low estimate: 1970 (larger uncertainty since vaccination may have stopped well before 1977). High estimate: 1976 date (see cessation date methods).,Default WHO target coverage (80%),Default interval (+/- 5%),https://www.paho.org/spc-crb/dmdocuments/history-of-carec/The%20EPI.pdf,RB p. 424,
TTO,341,Caribbean,CB,Trinidad and Tobago,C,D,1976,1970,1976,U,,,,,,,0.80,0.75,0.85,,U,Smallpox vaccination stopped before 1977 (EPI in English-speaking Caribbean in 1977 did not include smallpox in mandatory vaccinations or mass vaccination programs),Vaccine cessation date low estimate: 1970 (larger uncertainty since vaccination may have stopped well before 1977). High estimate: 1976 date (see cessation date methods).,Default WHO target coverage (80%),Default interval (+/- 5%),https://www.paho.org/spc-crb/dmdocuments/history-of-carec/The%20EPI.pdf,RB p. 424,
,343,Caribbean,CB,West Indies,C,D,1976,1970,1976,U,,,,,,,0.80,0.75,0.85,,U,Smallpox vaccination stopped before 1977 (EPI in English-speaking Caribbean in 1977 did not include smallpox in mandatory vaccinations or mass vaccination programs),Vaccine cessation date low estimate: 1970 (larger uncertainty since vaccination may have stopped well before 1977). High estimate: 1976 date (see cessation date methods).,Default WHO target coverage (80%),Default interval (+/- 5%),https://www.paho.org/spc-crb/dmdocuments/history-of-carec/The%20EPI.pdf,RB p. 424,
ALB,100,Southern Europe,EU,Albania,A,D,1984,1984,1985,R,,,,,,,0.80,0.75,0.85,,U,Known cessation date (literature),Vaccine cessation date low estimate: known cessation date. High estimate: +1 year (for lag time in stopping vaccination),Default WHO target coverage (80%),Default interval (+/- 5%),RB p. 1265,RB p. 424,
AND,,Southern Europe,EU,Andorra,D,D,1980,1978,1982,N,,,,,,,0.80,0.75,0.85,,U,Default WHO cessation date (1980),Default interval (+/- 2 years),Default WHO target coverage (80%),Default interval (+/- 5%),RB p. 1265,RB p. 424,
AUT,102,Western Europe,EU,Austria,A,C,1977,1977,1978,R,0.74,0.65,0.83,0.89,0.88,0.90,,,,1974,U,Known cessation date (literature),Vaccine cessation date low estimate: known cessation date. High estimate: +1 year (for lag time in stopping vaccination),"Average of neighboring country coverages and survey years (France, Italy).",Lowest neighboring country coverage to highest neighboring country coverage,https://link.springer.com/content/pdf/10.1007/s00508-010-1379-0.pdf; https://biotech.law.lsu.edu/blaw/bt/smallpox/smallpox-a41438.pdf,Neighboring country coverage sources,
,130,,EU,Azores Islands,D,D,1980,1978,1982,N,,,,,,,0.80,0.75,0.85,,U,"Default WHO cessation date (1980), default interval (+/- 2 years)",,Default WHO target coverage (80%),Default interval (+/- 5%),RB p. 1265,RB p. 424,
BEL,103,Western Europe,EU,Belgium,C,C,1978,1970,1978,U,0.74,0.65,0.83,0.89,0.88,0.90,,,,1974,U,Routine vaccination stopped before February 1979,"Vaccine cessation date low estimate: 1970 (larger uncertainty since vaccination may have stopped well before 1977). High estimate: known that vaccination stopped prior to February 1979, per WHO report (last full birth cohort with routine vaccination in 1978).","Average of neighboring country coverages and survey years (France, Italy).",Lowest neighboring country coverage to highest neighboring country coverage,https://apps.who.int/iris/bitstream/handle/10665/222325/WER5405_36-37.PDF?sequence=1&isAllowed=y,Neighboring country coverage sources,
BIH,150,Southern Europe,EU,Bosnia and Herzegovina,B,D,1978,1972,1978,R,,,,,,,0.80,0.75,0.85,,U,Routine vaccination stopped before February 1979,"Vaccine cessation date low estimate: last known mass vaccination campaign in Yugoslavia, last known WHO vaccine shipment. High estimate: known that vaccination stopped prior to February 1979, per WHO report (last full birth cohort with routine vaccination in 1978).",Default WHO target coverage (80%),Default interval (+/- 5%),https://apps.who.int/iris/bitstream/handle/10665/222325/WER5405_36-37.PDF?sequence=1&isAllowed=y,RB p. 424,RB pp. 1091-1094
BGR,104,Eastern Europe,EU,Bulgaria,D,D,1980,1978,1982,N,,,,,,,0.80,0.75,0.85,,U,Default WHO cessation date (1980),Default interval (+/- 2 years),Default WHO target coverage (80%),Default interval (+/- 5%),RB p. 1265,RB p. 424,
HRV,151,Southern Europe,EU,Croatia,B,D,1978,1972,1978,R,,,,,,,0.80,0.75,0.85,,U,Routine vaccination stopped before February 1979,"Vaccine cessation date low estimate: last known mass vaccination campaign in Yugoslavia, last known WHO vaccine shipment. High estimate: known that vaccination stopped prior to February 1979, per WHO report (last full birth cohort with routine vaccination in 1978).",Default WHO target coverage (80%),Default interval (+/- 5%),https://apps.who.int/iris/bitstream/handle/10665/222325/WER5405_36-37.PDF?sequence=1&isAllowed=y,RB p. 424,RB pp. 1091-1094
CYP,,Western Asia,EU,Cyprus,B,D,1978,1975,1978,R,,,,,,,0.80,0.75,0.85,,U,Routine vaccination stopped before February 1979,"Vaccine cessation date low estimate: last known WHO vaccine shipment. High estimate: known that vaccination stopped prior to February 1979, per WHO report (last full birth cohort with routine vaccination in 1978).",Default WHO target coverage (80%),Default interval (+/- 5%),https://apps.who.int/iris/bitstream/handle/10665/222325/WER5405_36-37.PDF?sequence=1&isAllowed=y,RB p. 424,"WHO Final Report, Annex 17"
CZE,148,Eastern Europe,EU,Czech Republic,D,D,1980,1978,1982,N,,,,,,,0.80,0.75,0.85,,U,Default WHO cessation date (1980),Default interval (+/- 2 years),Default WHO target coverage (80%),Default interval (+/- 5%),RB p. 1265,RB p. 424,
,105,,EU,Czechoslovakia,D,D,1980,1978,1982,N,,,,,,,0.80,0.75,0.85,,U,Default WHO cessation date (1980),Default interval (+/- 2 years),Default WHO target coverage (80%),Default interval (+/- 5%),RB p. 1265,RB p. 424,
DNK,106,Northern Europe,EU,Denmark,A,B,1977,1977,1978,R,0.92,0.60,0.96,,,,,,,1975,L,Known cessation date (literature),Vaccine cessation date low estimate: known cessation date. High estimate: +1 year (for lag time in stopping vaccination),Approximate vaccination coverage based on school health records (visual estimates from graph). Scaled to RB age groups: school-aged group is 1965-1970 birth cohorts (under 5 group is 1971-1975 birth cohorts).,Low estimate: approx. 60% coverage for those born in 1970; High estimate: approx. 96% coverage for those born in 1966 (both visual approximates from graph),https://academic.oup.com/ije/article/40/4/955/684336,https://academic.oup.com/ije/article/40/4/955/684336,
,139,Northern Europe,EU,England,A,B,1971,1971,1972,R,,,,,,,0.60,0.55,0.65,1970,N,Assuming same cessation date for all of UK (known date from literature),Vaccine cessation date low estimate: known cessation date. High estimate: +1 year (for lag time in stopping vaccination),Assume same or similar coverage throughout UK. Overall coverage estimate given in RB.,Default interval (+/- 5%),https://www.ncbi.nlm.nih.gov/books/NBK545998/,RB p. 1071,
,166,,EU,Europe,D,D,1980,1978,1982,N,,,,,,,0.80,0.75,0.85,,U,Default WHO cessation date (1980),Default interval (+/- 2 years),Default WHO target coverage (80%),Default interval (+/- 5%),RB p. 1265,RB p. 424,
FIN,108,Northern Europe,EU,Finland,C,C,1978,1970,1978,U,0.95,0.92,0.98,,,,,,,1969,U,Routine vaccination stopped before February 1979,"Vaccine cessation date low estimate: 1970 (larger uncertainty since vaccination may have stopped well before 1977). High estimate: known that vaccination stopped prior to February 1979, per WHO report (last full birth cohort with routine vaccination in 1978).","Average of neighboring country coverages and survey years (Denmark, Sweden).",Lowest neighboring country coverage to highest neighboring country coverage,https://apps.who.int/iris/bitstream/handle/10665/222325/WER5405_36-37.PDF?sequence=1&isAllowed=y,Neighboring country coverage sources,
FRA,109,Western Europe,EU,France,A,A,1983,1983,1984,R,0.65,0.60,0.70,0.90,0.85,0.95,,,,1978,N,Known cessation date (literature). Primary vaccination stopped in 1983 (revaccination stopped in 1984).,Vaccine cessation date low estimate: known cessation date. High estimate: +1 year (for lag time in stopping vaccination),"Serum survey, 2001. Scaled from 2001 to fit RB age groups, younger age group is 5-10 years.",Default interval (+/- 5%),https://www.cdc.gov/mmwr/preview/mmwrhtml/00000188.htm,https://www.eurosurveillance.org/content/10.2807/esm.06.11.00385-en,RB p. 1265
DEU,110,Western Europe,EU,Germany,A,D,1978,1976,1981,R,,,,,,,0.80,0.75,0.85,,U,Average of primary vaccination cessation dates for East Germany (DDR) and West Germany (BRD). Repeat vaccination continued until 1982 in East Germany and 1983 in West Germany.,"Vaccine cessation date low estimate: West Germany primary vaccination cessation date (1976). High estimate: +1 year from later known primary vaccination cessation date (1980 for East Germany, accounts for lag time in stopping vaccination)",Default WHO target coverage (80%),Default interval (+/- 5%),https://link.springer.com/article/10.1007/s00103-012-1539-7,RB p. 424,
GRC,116,Southern Europe,EU,Greece,D,D,1980,1978,1982,N,,,,,,,0.80,0.75,0.85,,U,Default WHO cessation date (1980),Default interval (+/- 2 years),Default WHO target coverage (80%),Default interval (+/- 5%),RB p. 1265,RB p. 424,
GRL,,Northern America,EU,Greenland,D,D,1980,1978,1982,N,,,,,,,0.80,0.75,0.85,,U,Default WHO cessation date (1980),Default interval (+/- 2 years),Default WHO target coverage (80%),Default interval (+/- 5%),RB p. 1265,RB p. 424,
HUN,117,Eastern Europe,EU,Hungary,D,D,1980,1978,1982,N,,,,,,,0.80,0.75,0.85,,U,Default WHO cessation date (1980),Default interval (+/- 2 years),Default WHO target coverage (80%),Default interval (+/- 5%),RB p. 1265,RB p. 424,
ISL,118,Northern Europe,EU,Iceland,D,C,1980,1978,1982,N,0.95,0.92,0.98,,,,,,,1969,U,Default WHO cessation date (1980),Default interval (+/- 2 years),"Average of neighboring country coverages and survey years (Denmark, Sweden).",Lowest neighboring country coverage to highest neighboring country coverage,RB p. 1265,Neighboring country coverage sources,
IRL,119,Northern Europe,EU,Ireland,C,C,1978,1970,1978,U,,,,,,,0.65,0.60,0.66,1974,U,Routine vaccination stopped before February 1979,"Vaccine cessation date low estimate: 1970 (larger uncertainty since vaccination may have stopped well before 1977). High estimate: known that vaccination stopped prior to February 1979, per WHO report (last full birth cohort with routine vaccination in 1978).","Average of neighboring country coverages and survey years (France, United Kingdom). France coverage is 5-14 age group, England coverage is overall.",Lowest neighboring country coverage to highest neighboring country coverage,https://apps.who.int/iris/bitstream/handle/10665/222325/WER5405_36-37.PDF?sequence=1&isAllowed=y,Neighboring country coverage sources,
ITA,120,Southern Europe,EU,Italy,A,A,1976,1976,1977,R,0.83,0.77,0.87,0.89,0.87,0.90,,,,1970,U,Known cessation date (literature),Vaccine cessation date low estimate: known cessation date. High estimate: +1 year (for lag time in stopping vaccination),"Serum survey, 1993. Vaccinia antibody (VACV or B5R) positive serum samples. Scaled to 1970 to fit RB age groups (youngest age group becomes 8-17). >15 coverage estimate is weighted average of all >15 age groups.",5-14 age group: Default interval (+/- 5%). Over 15 age group: lowest to highest coverages for each age group over 15 years of age.,https://www.microbiologyresearch.org/content/journal/jgv/10.1099/vir.0.81265-0#tab2,https://www.microbiologyresearch.org/content/journal/jgv/10.1099/vir.0.81265-0#tab2,
KOS,167,Southern Europe,EU,Kosovo,B,B,1978,1972,1978,R,,,,,,,0.95,0.90,1.00,1972,N,Routine vaccination stopped before February 1979,"Vaccine cessation date low estimate: last known mass vaccination campaign in Yugoslavia, last known WHO vaccine shipment. High estimate: known that vaccination stopped prior to February 1979, per WHO report (last full birth cohort with routine vaccination in 1978).",Province-wide coverage estimate; result of mass vaccination campaign in Kosovo (not other provinces of Yugoslavia) following Kosovo smallpox epidemic in 1972.,"Default interval (+/- 5%), cap at 1.0",https://apps.who.int/iris/bitstream/handle/10665/222325/WER5405_36-37.PDF?sequence=1&isAllowed=y,RB p. 1093,RB pp. 1091-1094
LIE,,Western Europe,EU,Liechtenstein,D,D,1980,1978,1982,N,,,,,,,0.80,0.75,0.85,,U,Default WHO cessation date (1980),Default interval (+/- 2 years),Default WHO target coverage (80%),Default interval (+/- 5%),RB p. 1265,RB p. 424,
LUX,,Western Europe,EU,Luxembourg,C,D,1978,1970,1978,U,,,,,,,0.80,0.75,0.85,,U,Routine vaccination stopped before February 1979,"Vaccine cessation date low estimate: 1970 (larger uncertainty since vaccination may have stopped well before 1977). High estimate: known that vaccination stopped prior to February 1979, per WHO report (last full birth cohort with routine vaccination in 1978).",Default WHO target coverage (80%),Default interval (+/- 5%),https://apps.who.int/iris/bitstream/handle/10665/222325/WER5405_36-37.PDF?sequence=1&isAllowed=y,RB p. 424,
MKD,152,Southern Europe,EU,Macedonia,B,D,1978,1972,1978,R,,,,,,,0.80,0.75,0.85,,U,Routine vaccination stopped before February 1979,"Vaccine cessation date low estimate: last known mass vaccination campaign in Yugoslavia, last known WHO vaccine shipment. High estimate: known that vaccination stopped prior to February 1979, per WHO report (last full birth cohort with routine vaccination in 1978).",Default WHO target coverage (80%),Default interval (+/- 5%),https://apps.who.int/iris/bitstream/handle/10665/222325/WER5405_36-37.PDF?sequence=1&isAllowed=y,RB p. 424,RB pp. 1091-1094
MCO,,Western Europe,EU,Monaco,D,D,1980,1978,1982,N,,,,,,,0.80,0.75,0.85,,U,Default WHO cessation date (1980),Default interval (+/- 2 years),Default WHO target coverage (80%),Default interval (+/- 5%),RB p. 1265,RB p. 424,
MNE,168,Southern Europe,EU,Montenegro,B,D,1978,1972,1978,R,,,,,,,0.80,0.75,0.85,,U,Routine vaccination stopped before February 1979,"Vaccine cessation date low estimate: last known mass vaccination campaign in Yugoslavia, last known WHO vaccine shipment. High estimate: known that vaccination stopped prior to February 1979, per WHO report (last full birth cohort with routine vaccination in 1978).",Default WHO target coverage (80%),Default interval (+/- 5%),https://apps.who.int/iris/bitstream/handle/10665/222325/WER5405_36-37.PDF?sequence=1&isAllowed=y,RB p. 424,RB pp. 1091-1094
NLD,126,Western Europe,EU,Netherlands,A,C,1974,1974,1975,R,0.74,0.65,0.83,0.89,0.88,0.90,,,,1974,U,Known cessation date (literature),Vaccine cessation date low estimate: known cessation date. High estimate: +1 year (for lag time in stopping vaccination),"Average of neighboring country coverages and survey years (France, Italy).",Lowest neighboring country coverage to highest neighboring country coverage,https://www.sciencedirect.com/science/article/pii/S0264410X19310187,Neighboring country coverage sources,
,142,Northern Europe,EU,Northern Ireland,A,B,1971,1971,1972,R,,,,,,,0.60,0.55,0.65,1970,N,Assuming same cessation date for all of UK (known date from literature),Vaccine cessation date low estimate: known cessation date. High estimate: +1 year (for lag time in stopping vaccination),Assume same or similar coverage throughout UK. Overall coverage estimate given in RB.,Default interval (+/- 5%),https://www.ncbi.nlm.nih.gov/books/NBK545998/,RB p. 1071,
NOR,127,Northern Europe,EU,Norway,A,C,1975,1975,1976,R,0.95,0.92,0.98,,,,,,,1969,U,Known cessation date (literature). Smallpox excluded from routine childhood vaccinations in 1976 (last vaccinated cohort 1975).,Vaccine cessation date low estimate: known cessation date. High estimate: +1 year (for lag time in stopping vaccination),"Average of neighboring country coverages and survey years (Denmark, Sweden).",Lowest neighboring country coverage to highest neighboring country coverage,https://www.fhi.no/en/about/this-is-the-norwegian-institute-of-public-health/history-of-the-norwegian-institute-/,Neighboring country coverage sources,
,169,,EU,"Other Europe, Not Specified",D,C,1980,1978,1982,N,0.82,0.60,0.98,,,,,,,1971,L,Default WHO cessation date (1980),Default interval (+/- 2 years),"Average of all known European country coverages (5-14 age group coverage for Italy, France, Sweden, Denmark; overall coverage used for Kosovo, UK).",Lowest known European country coverage to highest known European country coverage.,RB p. 1265,Neighboring country coverage sources,
POL,128,Eastern Europe,EU,Poland,D,D,1980,1978,1982,N,,,,,,,0.80,0.75,0.85,,U,Default WHO cessation date (1980),Default interval (+/- 2 years),Default WHO target coverage (80%),Default interval (+/- 5%),RB p. 1265,RB p. 424,
PRT,129,Southern Europe,EU,Portugal,C,C,1978,1970,1978,U,0.74,0.65,0.83,0.89,0.88,0.90,,,,1974,U,Routine vaccination stopped before February 1979,"Vaccine cessation date low estimate: 1970 (larger uncertainty since vaccination may have stopped well before 1977). High estimate: known that vaccination stopped prior to February 1979, per WHO report (last full birth cohort with routine vaccination in 1978).","Average of neighboring country coverages and survey years (France, Italy).",Lowest neighboring country coverage to highest neighboring country coverage,https://apps.who.int/iris/bitstream/handle/10665/222325/WER5405_36-37.PDF?sequence=1&isAllowed=y,Neighboring country coverage sources,
ROU,132,Eastern Europe,EU,Romania,D,D,1980,1978,1982,N,,,,,,,0.80,0.75,0.85,,U,Default WHO cessation date (1980),Default interval (+/- 2 years),Default WHO target coverage (80%),Default interval (+/- 5%),RB p. 1265,RB p. 424,
,140,Northern Europe,EU,Scotland,A,B,1971,1971,1972,R,,,,,,,0.60,0.55,0.65,1970,N,Assuming same cessation date for all of UK (known date from literature),Vaccine cessation date low estimate: known cessation date. High estimate: +1 year (for lag time in stopping vaccination),Assume same or similar coverage throughout UK. Overall coverage estimate given in RB.,Default interval (+/- 5%),https://www.ncbi.nlm.nih.gov/books/NBK545998/,RB p. 1071,
SRB,154,Southern Europe,EU,Serbia,B,D,1978,1972,1978,R,,,,,,,0.80,0.75,0.85,,U,Routine vaccination stopped before February 1979,"Vaccine cessation date low estimate: last known mass vaccination campaign in Yugoslavia, last known WHO vaccine shipment. High estimate: known that vaccination stopped prior to February 1979, per WHO report (last full birth cohort with routine vaccination in 1978).",Default WHO target coverage (80%),Default interval (+/- 5%),https://apps.who.int/iris/bitstream/handle/10665/222325/WER5405_36-37.PDF?sequence=1&isAllowed=y,RB p. 424,RB pp. 1091-1094
SVK,149,Eastern Europe,EU,Slovakia,D,D,1980,1978,1982,N,,,,,,,0.80,0.75,0.85,,U,Default WHO cessation date (1980),Default interval (+/- 2 years),Default WHO target coverage (80%),Default interval (+/- 5%),RB p. 1265,RB p. 424,
SVN,,Southern Europe,EU,Slovenia,B,D,1978,1972,1978,R,,,,,,,0.80,0.75,0.85,,U,Routine vaccination stopped before February 1979,"Vaccine cessation date low estimate: last known mass vaccination campaign in Yugoslavia, last known WHO vaccine shipment. High estimate: known that vaccination stopped prior to February 1979, per WHO report (last full birth cohort with routine vaccination in 1978).",Default WHO target coverage (80%),Default interval (+/- 5%),https://apps.who.int/iris/bitstream/handle/10665/222325/WER5405_36-37.PDF?sequence=1&isAllowed=y,RB p. 424,RB pp. 1091-1094
ESP,134,Southern Europe,EU,Spain,D,C,1980,1978,1982,N,0.74,0.65,0.83,0.89,0.88,0.90,,,,1974,U,Default WHO cessation date (1980),Default interval (+/- 2 years),"Average of neighboring country coverages and survey years (France, Italy).",Lowest neighboring country coverage to highest neighboring country coverage,RB p. 1265,Neighboring country coverage sources,
SWE,136,Northern Europe,EU,Sweden,A,B,1975,1975,1976,R,0.98,0.93,1.00,,,,,,,1963,N,"Routine vaccination continued until 1976, but included multiple exemptions (last vaccinated cohort 1975).",Vaccine cessation date low estimate: known cessation date. High estimate: +1 year (for lag time in stopping vaccination),"Computed coverage for children 4 and older using school-based records of total vaccinations given, total number of exemptions (medical and parental choice).",Default interval (+/- 5%),https://manchester.universitypressscholarship.com/view/10.7228/manchester/9781526110886.001.0001/upso-9781526110886-chapter-011,https://share.scb.se/ov9993/data/historisk%20statistik/SOS%201911-%2FH%C3%A4lso-%20och%20sjukv%C3%A5rd%2FAllm%C3%A4n%20h%C3%A4lso-%20och%20sjukv%C3%A5rd%20(SOS)%201911-1979%2FAllman-halsovard-och-sjukvard-1963.pdf,
CHE,137,Western Europe,EU,Switzerland,D,C,1980,1978,1982,N,0.74,0.65,0.83,0.89,0.88,0.90,,,,1974,U,Default WHO cessation date (1980),Default interval (+/- 2 years),"Average of neighboring country coverages and survey years (France, Italy).",Lowest neighboring country coverage to highest neighboring country coverage,RB p. 1265,Neighboring country coverage sources,
GBR,138,Northern Europe,EU,"United Kingdom, Not Specified",A,B,1971,1971,1972,R,,,,,,,0.60,0.55,0.65,1970,N,Known cessation date (literature),Vaccine cessation date low estimate: known cessation date. High estimate: +1 year (for lag time in stopping vaccination),Overall coverage estimate given in RB.,Default interval (+/- 5%),https://www.ncbi.nlm.nih.gov/books/NBK545998/,RB p. 1071,
,147,,EU,Yugoslavia,B,D,1978,1972,1978,R,,,,,,,0.80,0.75,0.85,,U,Routine vaccination stopped before February 1979,"Vaccine cessation date low estimate: last known mass vaccination campaign in Yugoslavia, last known WHO vaccine shipment. High estimate: known that vaccination stopped prior to February 1979, per WHO report (last full birth cohort with routine vaccination in 1978).",Default WHO target coverage (80%),Default interval (+/- 5%),https://apps.who.int/iris/bitstream/handle/10665/222325/WER5405_36-37.PDF?sequence=1&isAllowed=y,RB p. 424,RB p. 1091-1094
BHR,,Western Asia,ME,Bahrain,B,D,1978,1972,1978,R,,,,,,,0.80,0.75,0.85,,U,Routine vaccination stopped before February 1979,"Vaccine cessation date low estimate: last known WHO vaccine shipment (per WHO final report). High estimate: known that vaccination stopped prior to February 1979, per WHO report (last full birth cohort with routine vaccination in 1978).",Default WHO target coverage (80%),Default interval (+/- 5%),https://apps.who.int/iris/bitstream/handle/10665/222325/WER5405_36-37.PDF?sequence=1&isAllowed=y,RB p. 424,"WHO Final Report, Annex 17"
IRN,212,Southern Asia,ME,Iran,D,C,1980,1978,1982,N,,,,,,,0.88,0.83,0.93,1975,N,Default WHO cessation date (1980),Default interval (+/- 2 years),"Average of neighboring country coverages and survey years (Iraq, Afghanistan, Pakistan). Iraq coverage is 5-14 age group, Afghanistan and Pakistan are overall coverage.",Lowest neighboring country coverage to highest neighboring country coverage,RB p. 1265,Neighboring country coverage sources,
IRQ,213,Western Asia,ME,Iraq,D,B,1980,1978,1982,N,0.88,0.75,1.00,,,,,,,1978,U,Default WHO cessation date (1980),Default interval (+/- 2 years),"Scar survey estimates, 1978; average of lowest and highest regional coverages (only coverages provided in RB). Supported by previously established overall coverage of 75% after mass vaccination campaign in 1959.","Interval of coverages across regions of Iraq in 1978, given in RB",RB p. 1265,RB p. 1223,http://www.zero-pox.info/other_docs/ussr-hist.pdf
ISR,214,Western Asia,ME,Israel,A,D,1978,1978,1979,R,,,,,,,0.80,0.75,0.85,,U,"Known cessation date (literature). Vaccine mandated until 1980, but stopped primary vaccination for children born in 1979 (1978 last cohort for primary vaccination).",Vaccine cessation date low estimate: known cessation date. High estimate: +1 year (for lag time in stopping vaccination),Default WHO target coverage (80%),Default interval (+/- 5%),https://www.ima.org.il/FilesUploadPublic/IMAJ/0/56/28054.pdf,RB p. 424,
JOR,216,Western Asia,ME,Jordan,D,D,1980,1978,1982,N,,,,,,,0.80,0.75,0.85,,U,Default WHO cessation date (1980),Default interval (+/- 2 years),Default WHO target coverage (80%),Default interval (+/- 5%),RB p. 1265,RB p. 424,
KWT,222,Western Asia,ME,Kuwait,D,D,1980,1978,1982,N,,,,,,,0.80,0.75,0.85,,U,Default WHO cessation date (1980),Default interval (+/- 2 years),Default WHO target coverage (80%),Default interval (+/- 5%),RB p. 1265,RB p. 424,
LBN,224,Western Asia,ME,Lebanon,B,D,1978,1978,1979,R,,,,,,,0.80,0.75,0.85,,U,Routine vaccination stopped before February 1979,"Vaccine cessation date low estimate: known that vaccination stopped prior to February 1979, per WHO report (last full birth cohort with routine vaccination in 1978). High estimate: last known WHO vaccine shipment in 1978 (allows for lag time in vaccine distribution, per WHO final report)",Default WHO target coverage (80%),Default interval (+/- 5%),https://apps.who.int/iris/bitstream/handle/10665/222325/WER5405_36-37.PDF?sequence=1&isAllowed=y,RB p. 424,"WHO Final Report, Annex 17"
OMN,,Western Asia,ME,Oman,D,D,1980,1978,1982,N,,,,,,,0.80,0.75,0.85,,U,Default WHO cessation date (1980),Default interval (+/- 2 years),Default WHO target coverage (80%),Default interval (+/- 5%),RB p. 1265,RB p. 424,
QAT,,Western Asia,ME,Qatar,D,D,1980,1978,1982,N,,,,,,,0.80,0.75,0.85,,U,Default WHO cessation date (1980),Default interval (+/- 2 years),Default WHO target coverage (80%),Default interval (+/- 5%),RB p. 1265,RB p. 424,
SAU,235,Western Asia,ME,Saudi Arabia,D,D,1980,1978,1982,N,,,,,,,0.80,0.75,0.85,,U,Default WHO cessation date (1980),Default interval (+/- 2 years),Default WHO target coverage (80%),Default interval (+/- 5%),RB p. 1265,RB p. 424,
SYR,239,Western Asia,ME,Syria,D,B,1980,1978,1982,N,0.66,0.25,1.00,,,,,,,1977,L,Default WHO cessation date (1980),Default interval (+/- 2 years),"Vaccination coverage of school-aged children, 1976-77 year (lower than previous year, 72% coverage in 1975-76). No formal scar survey conducted due to lack of endemic transmission during eradication campaign.",Lowest to highest regional coverage in 1976-77 data,RB p. 1265,https://apps.who.int/iris/bitstream/handle/10665/68239/WHO_SE_78.111.pdf?sequence=1&isAllowed=y,
TUR,243,Western Asia,ME,Turkey,D,D,1980,1978,1982,N,,,,,,,0.80,0.75,0.85,,U,Default WHO cessation date (1980),Default interval (+/- 2 years),Default WHO target coverage (80%),Default interval (+/- 5%),RB p. 1265,RB p. 424,
ARE,245,Western Asia,ME,United Arab Emirates,B,D,1978,1972,1978,R,,,,,,,0.80,0.75,0.85,,U,Routine vaccination stopped before February 1979,"Vaccine cessation date low estimate: last known WHO vaccine shipment (per WHO final report). High estimate: known that vaccination stopped prior to February 1979, per WHO report (last full birth cohort with routine vaccination in 1978).",Default WHO target coverage (80%),Default interval (+/- 5%),https://apps.who.int/iris/bitstream/handle/10665/222325/WER5405_36-37.PDF?sequence=1&isAllowed=y,RB p. 424,"WHO Final Report, Annex 17"
YEM,248,Western Asia,ME,Yemen,D,B,1980,1978,1982,N,,,,,,,0.63,0.50,0.77,1979,R,Default WHO cessation date (1980),Default interval (+/- 2 years),"Yemen only (Democratic Yemen coverage and vaccination campaigns separate, region was less populated than Yemen at the time). Age groups do not fit, so only total coverage is given.","Regions with lowest and highest coverage rates, 1978-79 scar survey.",RB p. 1265,RB p. 1002,
AUS,501,Oceania,PA,Australia,A,B,1979,1979,1980,R,,,,,,,0.30,0.25,0.35,1980,N,Known cessation date (literature),Vaccine cessation date low estimate: known cessation date. High estimate: +1 year (for lag time in stopping vaccination),"Modeled coverage in Sydney in 1980 using known coverages of healthcare workers, immigrants, and Australian vaccination policies. High levels of vaccine refusal and use of other containment methods.",Default interval (+/- 5%),https://www.health.vic.gov.au/immunisation/vaccine-history-timeline,https://www.ncbi.nlm.nih.gov/pmc/articles/PMC5875263/,
FJI,508,Oceania,PA,Fiji,C,D,1978,1970,1978,U,,,,,,,0.80,0.75,0.85,,U,Routine vaccination stopped before February 1979,"Vaccine cessation date low estimate: 1970 (larger uncertainty since vaccination may have stopped well before 1977). High estimate: known that vaccination stopped prior to February 1979, per WHO report (last full birth cohort with routine vaccination in 1978).",Default WHO target coverage (80%),Default interval (+/- 5%),https://apps.who.int/iris/bitstream/handle/10665/222325/WER5405_36-37.PDF?sequence=1&isAllowed=y,RB p. 424,
MHL,511,Oceania,PA,Marshall Islands,D,D,1980,1978,1982,N,,,,,,,0.80,0.75,0.85,,U,Default WHO cessation date (1980),Default interval (+/- 2 years),Default WHO target coverage (80%),Default interval (+/- 5%),RB p. 1265,RB p. 424,
FSM,512,Oceania,PA,Micronesia,D,D,1980,1978,1982,N,,,,,,,0.80,0.75,0.85,,U,Default WHO cessation date (1980),Default interval (+/- 2 years),Default WHO target coverage (80%),Default interval (+/- 5%),RB p. 1265,RB p. 424,
NZL,515,Oceania,PA,New Zealand,C,C,1978,1970,1978,U,,,,,,,0.30,0.25,0.35,1980,N,Routine vaccination stopped before February 1979,"Vaccine cessation date low estimate: 1970 (larger uncertainty since vaccination may have stopped well before 1977). High estimate: known that vaccination stopped prior to February 1979, per WHO report (last full birth cohort with routine vaccination in 1978).","Neighboring country coverage (Australia), verified with documented low vaccination coverage for other vaccines in New Zealand at this time (eg. diptheria).",Default interval (+/- 5%),https://apps.who.int/iris/bitstream/handle/10665/222325/WER5405_36-37.PDF?sequence=1&isAllowed=y,https://www.ncbi.nlm.nih.gov/pmc/articles/PMC5875263/,https://teara.govt.nz/en/public-health/page-4
WSM,527,Oceania,PA,Samoa,C,D,1978,1970,1978,U,,,,,,,0.80,0.75,0.85,,U,Routine vaccination stopped before February 1979,"Vaccine cessation date low estimate: 1970 (larger uncertainty since vaccination may have stopped well before 1977). High estimate: known that vaccination stopped prior to February 1979, per WHO report (last full birth cohort with routine vaccination in 1978).",Default WHO target coverage (80%),Default interval (+/- 5%),https://apps.who.int/iris/bitstream/handle/10665/222325/WER5405_36-37.PDF?sequence=1&isAllowed=y,RB p. 424,
TON,523,Oceania,PA,Tonga,C,D,1978,1970,1978,U,,,,,,,0.80,0.75,0.85,,U,Routine vaccination stopped before February 1979,"Vaccine cessation date low estimate: 1970 (larger uncertainty since vaccination may have stopped well before 1977). High estimate: known that vaccination stopped prior to February 1979, per WHO report (last full birth cohort with routine vaccination in 1978).",Default WHO target coverage (80%),Default interval (+/- 5%),https://apps.who.int/iris/bitstream/handle/10665/222325/WER5405_36-37.PDF?sequence=1&isAllowed=y,RB p. 424,
AFG,200,Southern Asia,SA,Afghanistan,B,A,1977,1977,1978,R,,,,,,,0.95,0.91,0.98,1973,L,"Last WHO vaccination shipment provided in 1977, majority of vaccines in-country provided by WHO","Vaccine cessation date low estimate: date of last known WHO vaccination shipment per WHO final report (1977), High estimate: Routine vaccination no longer required by February 1979 (per WHO report)","Scar survey, 1973. National coverage computed as weighted average of coverages for all provinces given.","Provinces with lowest and highest coverage rates, 1973 scar survey","WHO Final Report, Annex 17",RB p. 673,https://apps.who.int/iris/bitstream/handle/10665/222325/WER5405_36-37.PDF?sequence=1&isAllowed=y
BGD,202,Southern Asia,SA,Bangladesh,D,B,1980,1978,1982,N,,,,,,,0.79,0.74,0.84,1973,N,Default WHO cessation date (1980),Default interval (+/- 2 years),"Overall estimate based on WHO smallpox eradication program records, 1973.",Default interval (+/- 5%),RB p. 1265,https://www.ncbi.nlm.nih.gov/pmc/articles/PMC2129696/,
BTN,203,Southern Asia,SA,Bhutan,D,A,1980,1978,1982,N,0.77,0.72,0.82,,,,,,,1976,N,Default WHO cessation date (1980),Default interval (+/- 2 years),"Scar survey, 1976. Assumes equal distribution across age groups, youngest age group is 1-4 years.",Default interval (+/- 5%),RB p. 1265,RB p. 802,
IND,210,Southern Asia,SA,India,D,A,1980,1978,1982,N,0.97,0.92,0.99,,,,,,,1969,L,Default WHO cessation date (1980),Default interval (+/- 2 years),"Scar survey, 1969. Weighted average of coverages from scar surveys in 9 provinces. Youngest age group is 1-4 years old.","Provinces with lowest and highest coverage rates, 1969 scar survey.",RB p. 1265,https://apps.who.int/iris/bitstream/handle/10665/217668/WER4513_137-143.PDF?sequence=1&isAllowed=y,RB p. 728
NPL,229,Southern Asia,SA,Nepal,D,B,1980,1978,1982,N,,,,,,,0.95,0.90,1.00,1975,N,Default WHO cessation date (1980),Default interval (+/- 2 years),Overall estimate given in RB reflecting coverages in or before 1975.,"Default interval (+/- 5%), cap at 1.0",RB p. 1265,RB p. 796,
PAK,231,Southern Asia,SA,Pakistan,D,B,1980,1978,1982,N,,,,,,,0.80,0.75,0.85,1973,N,Default WHO cessation date (1980),Default interval (+/- 2 years),"Overall estimate from literature, based on WHO smallpox eradication program records, 1973.",Default interval (+/- 5%),RB p. 1265,https://www.ncbi.nlm.nih.gov/pmc/articles/PMC2129696/,https://apps.who.int/iris/bitstream/handle/10665/217847/WER4532_337-343.PDF?sequence=1&isAllowed=y
,253,,SA,"South Central Asia, Not Specified",D,C,1980,1978,1982,N,,,,,,,0.87,0.77,0.97,1973,L,Default WHO cessation date (1980),Default interval (+/- 2 years),"Average of all known South and Central Asian country coverages (overall coverage for Afghanistan, Bangladesh, Nepal, Pakistan; 5-14 age group coverage for Bhutan, India, Kazakhstan).",Lowest known South and Central Asian country coverage to highest known regional country coverage.,RB p. 1265,Neighboring country coverage sources,
LKA,238,Southern Asia,SA,Sri Lanka,D,C,1980,1978,1982,N,,,,,,,0.85,0.79,0.97,1972,R,Default WHO cessation date (1980),Default interval (+/- 2 years),"Average neighboring country coverage and survey years (India, Bangladesh, Pakistan). India coverage is 5-14 age group, Pakistan and Bangladesh are overall coverage.",Lowest neighboring country coverage to highest neighboring country coverage,RB p. 1265,RB p. 424,
,249,,SE,Asia,D,D,1980,1978,1982,N,,,,,,,0.80,0.75,0.85,,U,Default WHO cessation date (1980),Default interval (+/- 2 years),Default WHO target coverage (80%),Default interval (+/- 5%),RB p. 1265,RB p. 424,
BRN,,Southeastern Asia,SE,Brunei,D,D,1980,1978,1982,N,,,,,,,0.80,0.75,0.85,,U,Default WHO cessation date (1980),Default interval (+/- 2 years),Default WHO target coverage (80%),Default interval (+/- 5%),RB p. 1265,RB p. 424,
KHM,206,Southeastern Asia,SE,Cambodia,B,C,1978,1968,1978,R,0.89,0.85,0.93,,,,,,,1969,U,Routine vaccination stopped before February 1979,"Vaccine cessation date low estimate: last known WHO vaccine shipment (per WHO final report). High estimate: known that vaccination stopped prior to February 1979, per WHO report (last full birth cohort with routine vaccination in 1978).","Average neighboring country coverage and survey years (Indonesia, Thailand).",Lowest neighboring country coverage to highest neighboring country coverage,https://apps.who.int/iris/bitstream/handle/10665/222325/WER5405_36-37.PDF?sequence=1&isAllowed=y,Neighboring country coverage sources,"WHO Final Report, Annex 17"
CHN,207,Eastern Asia,SE,China,A,A,1978,1978,1979,R,0.91,0.86,0.96,0.91,0.86,0.96,0.89,0.85,0.90,1979,U,Known cessation date (literature),Vaccine cessation date low estimate: known cessation date. High estimate: +1 year (for lag time in stopping vaccination),"Scar survey, 1979 in Tibet and Western China. Compatible with 90% estimated overall coverage from mass vaccination campagins in 1960s.",Coverage low: Shanghai coverage after mass vaccination campaign in 1972. Coverage high: 90% estimated total coverage from mass vaccination campagins.,https://www.sciencedirect.com/science/article/pii/S2666675821000382,https://apps.who.int/iris/bitstream/handle/10665/68284/WHO_SE_79.151.pdf?sequence=1&isAllowed=y,http://apps.who.int/iris/bitstream/handle/10665/68313/SME_79.11.pdf?sequence=1
HKG,209,Eastern Asia,SE,Hong Kong,A,C,1979,1979,1980,R,0.90,0.85,0.93,,,,,,,1972,L,Known cessation date (literature),Vaccine cessation date low estimate: known cessation date. High estimate: +1 year (for lag time in stopping vaccination),"Average neighboring country coverage and survey years (Indonesia, Thailand, China).",Lowest neighboring country coverage to highest neighboring country coverage,https://www.hkmj.org/abstracts/v25n1/86.htm,Neighboring country coverage sources,
IDN,211,Southeastern Asia,SE,Indonesia,D,A,1980,1978,1982,N,0.93,0.83,0.99,,,,,,,1969,L,Default WHO cessation date (1980),Default interval (+/- 2 years),"Weighted average of coverages across provinces, assuming even age distribution in each province. Youngest age group is 1-4 years old.","Lowest to highest coverage rates per island of 3 surveyed, 1969 scar survey.",RB p. 1265,https://apps.who.int/iris/bitstream/handle/10665/217359/WER4436_525-529.PDF?sequence=1&isAllowed=y,RB p. 630
JPN,215,Eastern Asia,SE,Japan,A,D,1976,1976,1977,R,,,,,,,0.80,0.75,0.85,,U,Known cessation date (literature),Vaccine cessation date low estimate: known cessation date. High estimate: +1 year (for lag time in stopping vaccination),Default WHO target coverage (80%),Default interval (+/- 5%),https://environhealthprevmed.biomedcentral.com/articles/10.1007/s12199-009-0111-z,RB p. 424,
KOR,217,Eastern Asia,SE,South Korea,A,D,1978,1978,1979,R,,,,,,,0.80,0.75,0.85,,U,Known cessation date (literature). Stopped vaccination in January 1979 (last vaccinated cohort was 1978),Vaccine cessation date low estimate: known cessation date. High estimate: +1 year (for lag time in stopping vaccination),Default WHO target coverage (80%),Default interval (+/- 5%),https://www.ncbi.nlm.nih.gov/pmc/articles/PMC3623517/,RB p. 424,
LAO,223,Southeastern Asia,SE,Laos,B,C,1978,1974,1978,R,0.89,0.85,0.93,,,,,,,1969,U,Routine vaccination stopped before February 1979,"Vaccine cessation date low estimate: last known WHO vaccine shipment (per WHO final report). High estimate: known that vaccination stopped prior to February 1979, per WHO report (last full birth cohort with routine vaccination in 1978).","Average neighboring country coverage and survey years (Indonesia, Thailand).",Lowest neighboring country coverage to highest neighboring country coverage,https://apps.who.int/iris/bitstream/handle/10665/222325/WER5405_36-37.PDF?sequence=1&isAllowed=y,Neighboring country coverage sources,"WHO Final Report, Annex 17"
MYS,226,Southeastern Asia,SE,Malaysia,D,C,1980,1978,1982,N,0.89,0.85,0.93,,,,,,,1969,U,Default WHO cessation date (1980),Default interval (+/- 2 years),"Average neighboring country coverage and survey years (Indonesia, Thailand).",Lowest neighboring country coverage to highest neighboring country coverage,RB p. 1265,Neighboring country coverage sources,
MNG,228,Eastern Asia,SE,Mongolia,D,C,1980,1978,1982,N,0.90,0.88,0.91,0.91,0.90,0.92,,,,1975,U,Default WHO cessation date (1980),Default interval (+/- 2 years),"Average neighboring country coverage and survey years (China, Kazakhstan).",Lowest neighboring country coverage to highest neighboring country coverage,RB p. 1265,Neighboring country coverage sources,
MMR,205,Southeastern Asia,SE,Myanmar,D,C,1980,1978,1982,N,0.89,0.85,0.93,,,,,,,1969,U,Default WHO cessation date (1980),Default interval (+/- 2 years),"Average neighboring country coverage and survey years (Indonesia, Thailand).",Lowest neighboring country coverage to highest neighboring country coverage,RB p. 1265,Neighboring country coverage sources,
PRK,,Eastern Asia,SE,North Korea,D,D,1980,1978,1982,N,,,,,,,0.80,0.75,0.85,,U,Default WHO cessation date (1980),Default interval (+/- 2 years),Default WHO target coverage (80%),Default interval (+/- 5%),RB p. 1265,RB p. 424,
,254,,SE,"Other Asia, Not Specified",D,C,1980,1978,1982,N,0.90,0.85,0.93,,,,,,,1972,L,Default WHO cessation date (1980),Default interval (+/- 2 years),"Average of all known Eastern and Southeastern Asia country coverages (5-14 age group coverage for Indonesia, China, Thailand).",Loest known Eastern and Southeastern Asia country coverage to highest known regional country coverage.,,Neighboring country coverage sources,
PNG,,Oceania,SE,Papua New Guinea,C,C,1978,1970,1978,U,0.89,0.85,0.93,,,,,,,1969,U,Routine vaccination stopped before February 1979,"Vaccine cessation date low estimate: 1970 (larger uncertainty since vaccination may have stopped well before 1977). High estimate: known that vaccination stopped prior to February 1979, per WHO report (last full birth cohort with routine vaccination in 1978).","Average neighboring country coverage and survey years (Indonesia, Thailand).",Lowest neighboring country coverage to highest neighboring country coverage,https://apps.who.int/iris/bitstream/handle/10665/222325/WER5405_36-37.PDF?sequence=1&isAllowed=y,Neighboring country coverage sources,
PHL,233,Southeastern Asia,SE,Philippines,C,C,1978,1970,1978,U,0.89,0.85,0.93,,,,,,,1969,U,Routine vaccination stopped before February 1979,"Vaccine cessation date low estimate: 1970 (larger uncertainty since vaccination may have stopped well before 1977). High estimate: known that vaccination stopped prior to February 1979, per WHO report (last full birth cohort with routine vaccination in 1978).","Average neighboring country coverage and survey years (Indonesia, Thailand).",Lowest neighboring country coverage to highest neighboring country coverage,https://apps.who.int/iris/bitstream/handle/10665/222325/WER5405_36-37.PDF?sequence=1&isAllowed=y,Neighboring country coverage sources,
SGP,236,Southeastern Asia,SE,Singapore,D,C,1980,1978,1982,N,0.89,0.85,0.93,,,,,,,1969,U,Default WHO cessation date (1980),Default interval (+/- 2 years),"Average neighboring country coverage and survey years (Indonesia, Thailand).",Lowest neighboring country coverage to highest neighboring country coverage,RB p. 1265,Neighboring country coverage sources,
TWN,240,Eastern Asia,SE,Taiwan,A,C,1979,1979,1980,R,0.90,0.85,0.93,,,,,,,1972,L,Known cessation date (literature),Vaccine cessation date low estimate: known cessation date. High estimate: +1 year (for lag time in stopping vaccination),"Average neighboring country coverage and survey years (Indonesia, Thailand, China).",Lowest neighboring country coverage to highest neighboring country coverage,https://academic.oup.com/cid/article/38/1/86/356526,Neighboring country coverage sources,
THA,242,Southeastern Asia,SE,Thailand,D,A,1980,1978,1982,N,0.85,0.80,0.90,,,,,,,1969,N,Default WHO cessation date (1980),Default interval (+/- 2 years),"Scar survey, 1969. National-level survey conducted by WHO (random sample, representative of national coverage rates).",Default interval (+/- 5%),RB p. 1265,http://www.zero-pox.info/who_se/WHO_SE_78-113.pdf,
VNM,247,Southeastern Asia,SE,Vietnam,D,C,1980,1978,1982,N,0.89,0.85,0.93,,,,,,,1969,U,Default WHO cessation date (1980),Default interval (+/- 2 years),"Average neighboring country coverage and survey years (Indonesia, Thailand).",Lowest neighboring country coverage to highest neighboring country coverage,RB p. 1265,Neighboring country coverage sources,
ARM,158,Western Asia,SR,Armenia,B,D,1979,1979,1980,R,,,,,,,0.80,0.75,0.85,,U,"Assuming uniform cessation date throughout USSR (1979), using uniform USSR polio vaccination strategy as rationale for assumption.",Vaccine cessation date low estimate: known cessation date. High estimate: +1 year (for lag time in stopping vaccination),Default WHO target coverage (80%),Default interval (+/- 5%),http://www.zero-pox.info/other_docs/ussr-hist.pdf,RB p. 424,https://www.ncbi.nlm.nih.gov/pmc/articles/PMC2555546/
AZE,159,Western Asia,SR,Azerbaijan,B,D,1979,1979,1980,R,,,,,,,0.80,0.75,0.85,,U,"Assuming uniform cessation date throughout USSR (1979), using uniform USSR polio vaccination strategy as rationale for assumption.",Vaccine cessation date low estimate: known cessation date. High estimate: +1 year (for lag time in stopping vaccination),Default WHO target coverage (80%),Default interval (+/- 5%),http://www.zero-pox.info/other_docs/ussr-hist.pdf,RB p. 424,https://www.ncbi.nlm.nih.gov/pmc/articles/PMC2555546/
BLR,160,Eastern Europe,SR,Belarus,B,D,1979,1979,1980,R,,,,,,,0.80,0.75,0.85,,U,"Assuming uniform cessation date throughout USSR (1979), using uniform USSR polio vaccination strategy as rationale for assumption.",Vaccine cessation date low estimate: known cessation date. High estimate: +1 year (for lag time in stopping vaccination),Default WHO target coverage (80%),Default interval (+/- 5%),http://www.zero-pox.info/other_docs/ussr-hist.pdf,RB p. 424,https://www.ncbi.nlm.nih.gov/pmc/articles/PMC2555546/
EST,,Northern Europe,SR,Estonia,B,D,1979,1979,1980,R,,,,,,,0.80,0.75,0.85,,U,"Assuming uniform cessation date throughout USSR (1979), using uniform USSR polio vaccination strategy as rationale for assumption.",Vaccine cessation date low estimate: known cessation date. High estimate: +1 year (for lag time in stopping vaccination),Default WHO target coverage (80%),Default interval (+/- 5%),http://www.zero-pox.info/other_docs/ussr-hist.pdf,RB p. 424,https://www.ncbi.nlm.nih.gov/pmc/articles/PMC2555546/
GEO,161,Western Asia,SR,Georgia,B,D,1979,1979,1980,R,,,,,,,0.80,0.75,0.85,,U,"Assuming uniform cessation date throughout USSR (1979), using uniform USSR polio vaccination strategy as rationale for assumption.",Vaccine cessation date low estimate: known cessation date. High estimate: +1 year (for lag time in stopping vaccination),Default WHO target coverage (80%),Default interval (+/- 5%),http://www.zero-pox.info/other_docs/ussr-hist.pdf,RB p. 424,https://www.ncbi.nlm.nih.gov/pmc/articles/PMC2555546/
KAZ,218,Central Asia,SR,Kazakhstan,B,A,1979,1979,1980,R,0.88,0.83,0.93,0.90,0.85,0.95,,,,1970,N,"Assuming uniform cessation date throughout USSR (1979), using uniform USSR polio vaccination strategy as rationale for assumption.",Vaccine cessation date low estimate: known cessation date. High estimate: +1 year (for lag time in stopping vaccination),"Scar survey, 1970. Survey conducted before targeted vaccination campaign due to resurgence in one area; assume pre-campaign coverage is representative of broader population. 5-14 age group assumed to be same as ""school aged children"".",Default interval (+/- 5%),http://www.zero-pox.info/other_docs/ussr-hist.pdf,https://www.nonproliferation.org/wp-content/uploads/2014/01/op9.pdf,https://www.ncbi.nlm.nih.gov/pmc/articles/PMC2555546/
KGZ,219,Central Asia,SR,Kyrgyzstan,B,C,1979,1979,1980,R,,,,,,,0.91,0.88,0.95,1974,R,"Assuming uniform cessation date throughout USSR (1979), using uniform USSR polio vaccination strategy as rationale for assumption.",Vaccine cessation date low estimate: known cessation date. High estimate: +1 year (for lag time in stopping vaccination),"Average neighboring country coverage and survey years (Afghanistan, China, Kazakhstan). Kazakhstan coverage is 5-14 age group, China and Afghanistan coverage is overall.",Lowest neighboring country coverage to highest neighboring country coverage,http://www.zero-pox.info/other_docs/ussr-hist.pdf,Neighboring country coverage sources,https://www.ncbi.nlm.nih.gov/pmc/articles/PMC2555546/
LVA,156,Northern Europe,SR,Latvia,B,D,1979,1979,1980,R,,,,,,,0.80,0.75,0.85,,U,"Assuming uniform cessation date throughout USSR (1979), using uniform USSR polio vaccination strategy as rationale for assumption.",Vaccine cessation date low estimate: known cessation date. High estimate: +1 year (for lag time in stopping vaccination),Default WHO target coverage (80%),Default interval (+/- 5%),http://www.zero-pox.info/other_docs/ussr-hist.pdf,RB p. 424,https://www.ncbi.nlm.nih.gov/pmc/articles/PMC2555546/
LTU,157,Northern Europe,SR,Lithuania,B,D,1979,1979,1980,R,,,,,,,0.80,0.75,0.85,,U,"Assuming uniform cessation date throughout USSR (1979), using uniform USSR polio vaccination strategy as rationale for assumption.",Vaccine cessation date low estimate: known cessation date. High estimate: +1 year (for lag time in stopping vaccination),Default WHO target coverage (80%),Default interval (+/- 5%),http://www.zero-pox.info/other_docs/ussr-hist.pdf,RB p. 424,https://www.ncbi.nlm.nih.gov/pmc/articles/PMC2555546/
MDA,162,Eastern Europe,SR,Moldova,B,D,1979,1979,1980,R,,,,,,,0.80,0.75,0.85,,U,"Assuming uniform cessation date throughout USSR (1979), using uniform USSR polio vaccination strategy as rationale for assumption.",Vaccine cessation date low estimate: known cessation date. High estimate: +1 year (for lag time in stopping vaccination),Default WHO target coverage (80%),Default interval (+/- 5%),http://www.zero-pox.info/other_docs/ussr-hist.pdf,RB p. 424,https://www.ncbi.nlm.nih.gov/pmc/articles/PMC2555546/
RUS,163,Eastern Europe,SR,Russia,A,D,1979,1979,1980,R,,,,,,,0.80,0.75,0.85,,U,"Assuming uniform cessation date throughout USSR (1979), using uniform USSR polio vaccination strategy as rationale for assumption.",Vaccine cessation date low estimate: known cessation date. High estimate: +1 year (for lag time in stopping vaccination),Default WHO target coverage (80%),Default interval (+/- 5%),http://www.zero-pox.info/other_docs/ussr-hist.pdf,RB p. 424,https://www.ncbi.nlm.nih.gov/pmc/articles/PMC2555546/
TJK,,Central Asia,SR,Tajikistan,B,C,1979,1979,1980,R,,,,,,,0.91,0.88,0.95,1974,R,"Assuming uniform cessation date throughout USSR (1979), using uniform USSR polio vaccination strategy as rationale for assumption.",Vaccine cessation date low estimate: known cessation date. High estimate: +1 year (for lag time in stopping vaccination),"Average neighboring country coverage and survey years (Afghanistan, China, Kazakhstan). Kazakhstan coverage is 5-14 age group, China and Afghanistan coverage is overall.",Lowest neighboring country coverage to highest neighboring country coverage,http://www.zero-pox.info/other_docs/ussr-hist.pdf,Neighboring country coverage sources,https://www.ncbi.nlm.nih.gov/pmc/articles/PMC2555546/
TKM,,Central Asia,SR,Turkmenistan,B,C,1979,1979,1980,R,,,,,,,0.91,0.88,0.95,1974,R,"Assuming uniform cessation date throughout USSR (1979), using uniform USSR polio vaccination strategy as rationale for assumption.",Vaccine cessation date low estimate: known cessation date. High estimate: +1 year (for lag time in stopping vaccination),"Average neighboring country coverage and survey years (Afghanistan, China, Kazakhstan). Kazakhstan coverage is 5-14 age group, China and Afghanistan coverage is overall.",Lowest neighboring country coverage to highest neighboring country coverage,http://www.zero-pox.info/other_docs/ussr-hist.pdf,Neighboring country coverage sources,https://www.ncbi.nlm.nih.gov/pmc/articles/PMC2555546/
UKR,164,Eastern Europe,SR,Ukraine,B,D,1979,1979,1980,R,,,,,,,0.80,0.75,0.85,,U,"Assuming uniform cessation date throughout USSR (1979), using uniform USSR polio vaccination strategy as rationale for assumption.",Vaccine cessation date low estimate: known cessation date. High estimate: +1 year (for lag time in stopping vaccination),Default WHO target coverage (80%),Default interval (+/- 5%),http://www.zero-pox.info/other_docs/ussr-hist.pdf,RB p. 424,https://www.ncbi.nlm.nih.gov/pmc/articles/PMC2555546/
,165,,SR,USSR,B,D,1979,1979,1980,R,,,,,,,0.80,0.75,0.85,,U,"Assuming uniform cessation date throughout USSR (1979), using uniform USSR polio vaccination strategy as rationale for assumption.",Vaccine cessation date low estimate: known cessation date. High estimate: +1 year (for lag time in stopping vaccination),Default WHO target coverage (80%),Default interval (+/- 5%),http://www.zero-pox.info/other_docs/ussr-hist.pdf,RB p. 424,https://www.ncbi.nlm.nih.gov/pmc/articles/PMC2555546/
UZB,246,Central Asia,SR,Uzbekistan,B,C,1979,1979,1980,R,,,,,,,0.91,0.88,0.95,1974,R,"Assuming uniform cessation date throughout USSR (1979), using uniform USSR polio vaccination strategy as rationale for assumption.",Vaccine cessation date low estimate: known cessation date. High estimate: +1 year (for lag time in stopping vaccination),"Average neighboring country coverage and survey years (Afghanistan, China, Kazakhstan). Kazakhstan coverage is 5-14 age group, China and Afghanistan coverage is overall.",Lowest neighboring country coverage to highest neighboring country coverage,http://www.zero-pox.info/other_docs/ussr-hist.pdf,Neighboring country coverage sources,https://www.ncbi.nlm.nih.gov/pmc/articles/PMC2555546/